{"type":"FeatureCollection","features":[{"type":"Feature","properties":{"name":"City of London","lad24cd":"E09000001"},"geometry":{"type":"MultiPolygon","coordinates":[[[[-0.10415,51.50854],[-0.10468,51.50841],[-0.10468,51.50861],[-0.10415,51.50854]]],[[[-0.09676,51.52331],[-0.09642,51.52283],[-0.09509,51.52311],[-0.09432,51.52148],[-0.0925,51.52147],[-0.09236,51.52104],[-0.08967,51.52072],[-0.08998,51.51997],[-0.0862,51.51881],[-0.08523,51.52035],[-0.08312,51.51985],[-0.08177,51.52075],[-0.08104,51.52197],[-0.07853,51.52151],[-0.07941,51.51889],[-0.0781,51.51898],[-0.07817,51.51847],[-0.0769,51.51665],[-0.0736,51.51409],[-0.07274,51.51041],[-0.07299,51.5101],[-0.07552,51.50974],[-0.07621,51.51056],[-0.07786,51.51009],[-0.07881,51.50946],[-0.07907,51.50906],[-0.0787,51.50883],[-0.07947,51.50783],[-0.08031,51.50808],[-0.08032,51.50808],[-0.08546,51.50861],[-0.08547,51.50861],[-0.08709,51.50899],[-0.08852,51.50897],[-0.08864,51.50897],[-0.09187,51.50941],[-0.09192,51.50942],[-0.09523,51.51018],[-0.09518,51.51062],[-0.09614,51.51027],[-0.09981,51.51082],[-0.09987,51.51083],[-0.10846,51.51087],[-0.10847,51.51087],[-0.11148,51.51083],[-0.1115,51.51083],[-0.11156,51.5118],[-0.11251,51.51273],[-0.1117,51.51319],[-0.11194,51.51369],[-0.11106,51.51383],[-0.11157,51.51534],[-0.1138,51.51826],[-0.10782,51.51777],[-0.10529,51.51855],[-0.09766,51.52071],[-0.09736,51.52178],[-0.09795,51.52287],[-0.09676,51.52331]]]]}},{"type":"Feature","properties":{"name":"Barking and Dagenham","lad24cd":"E09000002"},"geometry":{"type":"MultiPolygon","coordinates":[[[[0.07103,51.53714],[0.07294,51.53451],[0.0729,51.53375],[0.07289,51.53349],[0.07534,51.5312],[0.07565,51.52983],[0.07565,51.52982],[0.07565,51.52982],[0.07538,51.52988],[0.07457,51.52969],[0.07454,51.5297],[0.07446,51.52969],[0.07429,51.52963],[0.07351,51.52945],[0.07275,51.52927],[0.07194,51.53295],[0.06951,51.53628],[0.06796,51.5362],[0.06827,51.53699],[0.06891,51.53719],[0.06686,51.53986],[0.0668,51.54161],[0.06836,51.54439],[0.06934,51.54415],[0.06934,51.54415],[0.06934,51.54404],[0.06859,51.54209],[0.06901,51.5414],[0.06845,51.54074],[0.0694,51.54028],[0.06906,51.53884],[0.07049,51.53846],[0.071,51.5372],[0.071,51.5372],[0.07103,51.53714]]],[[[0.14815,51.59678],[0.14807,51.59636],[0.14984,51.59706],[0.15114,51.59545],[0.15062,51.59137],[0.15123,51.58892],[0.15089,51.58349],[0.14856,51.58078],[0.14745,51.58081],[0.14701,51.57571],[0.14815,51.5756],[0.14794,51.57312],[0.14898,51.57323],[0.14974,51.56971],[0.14667,51.56943],[0.1467,51.5688],[0.14874,51.56864],[0.1503,51.56786],[0.15087,51.5678],[0.15126,51.56809],[0.15167,51.56792],[0.16189,51.56162],[0.16637,51.56327],[0.16854,51.5636],[0.1734,51.56509],[0.17612,51.56472],[0.17874,51.56494],[0.18348,51.56463],[0.18518,51.56551],[0.18518,51.56475],[0.18399,51.56385],[0.18267,51.56124],[0.18479,51.55988],[0.18441,51.55765],[0.18504,51.55679],[0.18476,51.55641],[0.18587,51.55634],[0.18694,51.55578],[0.18788,51.55409],[0.19022,51.55265],[0.1896,51.55146],[0.1875,51.55021],[0.18581,51.54724],[0.1826,51.54583],[0.18038,51.5441],[0.17924,51.5403],[0.17808,51.53954],[0.17657,51.53925],[0.1752,51.53858],[0.174,51.53766],[0.17079,51.53263],[0.16799,51.53074],[0.16546,51.52841],[0.16295,51.52384],[0.16238,51.52158],[0.15963,51.51581],[0.15876,51.51227],[0.15875,51.51226],[0.15867,51.51223],[0.15808,51.51201],[0.15171,51.51275],[0.14657,51.5141],[0.14649,51.51442],[0.14585,51.51432],[0.14507,51.51462],[0.14577,51.51448],[0.14551,51.51514],[0.14426,51.5155],[0.14374,51.51506],[0.14326,51.51536],[0.14324,51.51537],[0.13929,51.51762],[0.13628,51.51856],[0.1332,51.51908],[0.13243,51.51883],[0.12674,51.51957],[0.12265,51.51909],[0.11899,51.51815],[0.11429,51.51598],[0.11446,51.51574],[0.10883,51.51417],[0.10664,51.51395],[0.10179,51.51458],[0.10106,51.51445],[0.09906,51.51495],[0.09757,51.51586],[0.09734,51.51574],[0.09718,51.51566],[0.0974,51.51581],[0.09751,51.51589],[0.09748,51.51591],[0.09562,51.51699],[0.09531,51.51891],[0.09574,51.52011],[0.09283,51.52263],[0.09328,51.52469],[0.09217,51.52673],[0.09054,51.52609],[0.0898,51.52667],[0.08886,51.52686],[0.08578,51.52599],[0.08335,51.52711],[0.08109,51.52772],[0.081,51.52778],[0.07809,51.52967],[0.0764,51.52982],[0.07548,51.53191],[0.07396,51.5332],[0.07435,51.53378],[0.0735,51.53419],[0.07337,51.53426],[0.07131,51.53723],[0.07128,51.53727],[0.07128,51.53728],[0.07045,51.5391],[0.06968,51.53878],[0.06947,51.53897],[0.06993,51.54085],[0.06893,51.54206],[0.06934,51.54252],[0.06924,51.54356],[0.06971,51.54396],[0.06971,51.54407],[0.06971,51.54407],[0.07181,51.54356],[0.07196,51.54381],[0.07555,51.54401],[0.07681,51.54458],[0.07703,51.54438],[0.07749,51.54457],[0.07796,51.54405],[0.08151,51.54517],[0.08166,51.54558],[0.08602,51.54739],[0.09154,51.5483],[0.0917,51.54911],[0.09261,51.54965],[0.09227,51.54864],[0.09352,51.54586],[0.09977,51.54843],[0.10432,51.54984],[0.10741,51.55198],[0.1083,51.55207],[0.10842,51.5527],[0.11114,51.55248],[0.11195,51.55267],[0.11235,51.5535],[0.11475,51.55533],[0.11274,51.55653],[0.11327,51.55727],[0.11708,51.55691],[0.11709,51.55742],[0.1189,51.55737],[0.12049,51.55857],[0.11749,51.55918],[0.11975,51.56251],[0.11888,51.56273],[0.11905,51.56305],[0.12473,51.56419],[0.12778,51.56621],[0.12931,51.56647],[0.12969,51.56881],[0.13046,51.57028],[0.12991,51.57154],[0.13158,51.57182],[0.13091,51.57334],[0.1301,51.57306],[0.12944,51.57394],[0.12919,51.57631],[0.13164,51.57709],[0.13082,51.57937],[0.13357,51.57995],[0.13256,51.58131],[0.12776,51.58164],[0.12809,51.58283],[0.12766,51.58388],[0.12726,51.58393],[0.12639,51.58673],[0.13102,51.58752],[0.12957,51.59005],[0.1376,51.59389],[0.1466,51.59944],[0.14821,51.59897],[0.14765,51.59679],[0.14815,51.59678]]]]}},{"type":"Feature","properties":{"name":"Barnet","lad24cd":"E09000003"},"geometry":{"type":"Polygon","coordinates":[[[-0.18196,51.66868],[-0.18589,51.66285],[-0.16509,51.65826],[-0.16355,51.65821],[-0.16044,51.65676],[-0.15473,51.65555],[-0.15462,51.65498],[-0.1536,51.65454],[-0.15339,51.65331],[-0.15419,51.65297],[-0.154,51.65259],[-0.15353,51.65271],[-0.15256,51.65146],[-0.15226,51.64982],[-0.15095,51.65009],[-0.14987,51.64881],[-0.15223,51.64797],[-0.15231,51.64764],[-0.15107,51.64724],[-0.15212,51.6458],[-0.15155,51.64563],[-0.15163,51.64532],[-0.14918,51.64531],[-0.14783,51.64207],[-0.14502,51.64263],[-0.14379,51.64085],[-0.14036,51.6376],[-0.13452,51.63469],[-0.13442,51.63397],[-0.13397,51.63404],[-0.13388,51.63361],[-0.13122,51.63258],[-0.12909,51.63227],[-0.12978,51.63096],[-0.13016,51.63102],[-0.13114,51.62969],[-0.13043,51.62932],[-0.13337,51.62638],[-0.13559,51.62158],[-0.14128,51.61754],[-0.14203,51.61616],[-0.1445,51.61551],[-0.13871,51.61019],[-0.14343,51.60883],[-0.14315,51.60672],[-0.14197,51.60371],[-0.14417,51.6011],[-0.14444,51.60013],[-0.15133,51.59747],[-0.15295,51.59919],[-0.15341,51.60285],[-0.15467,51.60423],[-0.15608,51.60512],[-0.15586,51.60547],[-0.15648,51.60532],[-0.16176,51.59748],[-0.15969,51.59223],[-0.15886,51.59232],[-0.15869,51.592],[-0.15943,51.59157],[-0.15976,51.58972],[-0.16016,51.5897],[-0.16023,51.58799],[-0.15863,51.588],[-0.15868,51.58663],[-0.1574,51.58656],[-0.15713,51.58619],[-0.1579,51.58621],[-0.15794,51.58574],[-0.15962,51.58446],[-0.16113,51.58538],[-0.16247,51.58452],[-0.16373,51.58432],[-0.16572,51.58322],[-0.16619,51.58204],[-0.16687,51.58196],[-0.16719,51.5813],[-0.16681,51.57866],[-0.16806,51.57693],[-0.16931,51.57742],[-0.16971,51.57637],[-0.16944,51.57397],[-0.1712,51.57357],[-0.17123,51.57242],[-0.17307,51.57142],[-0.17438,51.56926],[-0.17812,51.57051],[-0.1783,51.57002],[-0.18099,51.56967],[-0.18082,51.5694],[-0.18367,51.56796],[-0.18339,51.56777],[-0.18376,51.56747],[-0.18609,51.56694],[-0.18714,51.56616],[-0.18923,51.5655],[-0.18998,51.56469],[-0.1907,51.56187],[-0.19229,51.56156],[-0.19483,51.56048],[-0.19673,51.5607],[-0.19661,51.5592],[-0.1975,51.55887],[-0.19791,51.55913],[-0.19831,51.55886],[-0.19951,51.55708],[-0.19937,51.55619],[-0.20578,51.55532],[-0.20597,51.55643],[-0.20884,51.55573],[-0.21001,51.55675],[-0.21349,51.55519],[-0.2185,51.55934],[-0.22283,51.56367],[-0.22592,51.56622],[-0.22879,51.56797],[-0.23342,51.57198],[-0.23456,51.57177],[-0.23567,51.57231],[-0.23548,51.57255],[-0.23586,51.5723],[-0.2375,51.57248],[-0.23816,51.57207],[-0.23799,51.57178],[-0.23885,51.57224],[-0.24001,51.57209],[-0.24005,51.57238],[-0.24113,51.57213],[-0.24134,51.5727],[-0.24243,51.57282],[-0.24243,51.5725],[-0.24362,51.57233],[-0.24434,51.57256],[-0.24522,51.57192],[-0.24596,51.57222],[-0.24673,51.57159],[-0.24597,51.57101],[-0.24655,51.57002],[-0.24607,51.56981],[-0.24654,51.56903],[-0.24735,51.56897],[-0.247,51.56864],[-0.2473,51.56847],[-0.2486,51.56852],[-0.25113,51.57028],[-0.25305,51.5724],[-0.25127,51.57315],[-0.25234,51.57447],[-0.25449,51.57906],[-0.25433,51.58153],[-0.25145,51.58355],[-0.24823,51.58431],[-0.25294,51.5889],[-0.25755,51.59218],[-0.26711,51.60037],[-0.27376,51.60565],[-0.27567,51.60771],[-0.28246,51.61358],[-0.28739,51.61702],[-0.30411,51.63163],[-0.30557,51.63412],[-0.30445,51.63635],[-0.30355,51.63646],[-0.30272,51.63614],[-0.30241,51.63635],[-0.29985,51.63576],[-0.29721,51.63574],[-0.29613,51.63545],[-0.29438,51.63565],[-0.29187,51.63648],[-0.28779,51.63651],[-0.2855,51.63695],[-0.28387,51.6378],[-0.28139,51.63835],[-0.27861,51.63832],[-0.27648,51.63887],[-0.27371,51.63867],[-0.27418,51.63931],[-0.27287,51.6421],[-0.27004,51.64209],[-0.26825,51.64239],[-0.26835,51.64383],[-0.26677,51.64411],[-0.26521,51.64402],[-0.26436,51.64363],[-0.26327,51.64483],[-0.2616,51.64399],[-0.26071,51.64267],[-0.25736,51.64182],[-0.25618,51.64351],[-0.25549,51.64325],[-0.25449,51.64368],[-0.25188,51.64721],[-0.24986,51.65461],[-0.25133,51.65522],[-0.25058,51.65606],[-0.24971,51.65617],[-0.24787,51.65525],[-0.24362,51.65669],[-0.24137,51.6572],[-0.24099,51.65684],[-0.2392,51.6574],[-0.23797,51.65779],[-0.23828,51.65825],[-0.23668,51.65878],[-0.23471,51.659],[-0.23423,51.65825],[-0.22892,51.65998],[-0.22849,51.65997],[-0.22806,51.65859],[-0.22646,51.65716],[-0.22604,51.65763],[-0.2198,51.66066],[-0.21925,51.6608],[-0.21889,51.66006],[-0.21339,51.66238],[-0.21214,51.66135],[-0.20786,51.66286],[-0.21113,51.66695],[-0.20984,51.66756],[-0.20796,51.66659],[-0.20563,51.6686],[-0.20223,51.66781],[-0.20261,51.66931],[-0.20335,51.67013],[-0.19987,51.67017],[-0.19901,51.66821],[-0.19661,51.66815],[-0.19616,51.66853],[-0.19485,51.66831],[-0.19666,51.66548],[-0.19253,51.66475],[-0.19107,51.6639],[-0.18779,51.66788],[-0.1858,51.66851],[-0.18196,51.66868]]]}},{"type":"Feature","properties":{"name":"Bexley","lad24cd":"E09000004"},"geometry":{"type":"MultiPolygon","coordinates":[[[[0.20315,51.45828],[0.20314,51.45824],[0.20307,51.45827],[0.20315,51.45828]]],[[[0.19929,51.45842],[0.199,51.45812],[0.19856,51.4583],[0.19929,51.45842]]],[[[0.2018,51.48003],[0.20205,51.47902],[0.20104,51.47883],[0.2001,51.47842],[0.19869,51.47833],[0.20013,51.47891],[0.20052,51.47975],[0.20112,51.47952],[0.20063,51.47981],[0.2013,51.48016],[0.2018,51.48003]]],[[[0.13222,51.51227],[0.13726,51.51001],[0.13746,51.51021],[0.14686,51.50667],[0.14792,51.50682],[0.148,51.50645],[0.14854,51.50645],[0.14945,51.50587],[0.14979,51.50586],[0.14991,51.5064],[0.15132,51.50631],[0.15137,51.50632],[0.15284,51.50637],[0.15395,51.50605],[0.16034,51.50548],[0.16449,51.50454],[0.16658,51.50345],[0.17002,51.50006],[0.17087,51.49883],[0.17165,51.49772],[0.17198,51.49473],[0.17198,51.49473],[0.17198,51.49469],[0.1725,51.48883],[0.17353,51.48736],[0.17413,51.48678],[0.17454,51.48693],[0.17529,51.4861],[0.17489,51.48597],[0.17518,51.48526],[0.17607,51.48525],[0.17809,51.48354],[0.17763,51.48318],[0.17787,51.48302],[0.17834,51.48338],[0.18332,51.48115],[0.1866,51.48043],[0.18661,51.48043],[0.19031,51.47973],[0.19045,51.47903],[0.19085,51.47975],[0.19272,51.47977],[0.19302,51.47938],[0.19381,51.47932],[0.19551,51.47968],[0.19596,51.47946],[0.19728,51.47965],[0.19751,51.47947],[0.19708,51.47926],[0.19857,51.47968],[0.19894,51.47943],[0.19828,51.47932],[0.19786,51.47879],[0.1978,51.4788],[0.19744,51.47844],[0.19892,51.47926],[0.19929,51.48009],[0.20058,51.48007],[0.20012,51.47895],[0.19917,51.47862],[0.19937,51.47892],[0.19859,51.4783],[0.19965,51.47832],[0.20009,51.47838],[0.20064,51.47853],[0.20104,51.4788],[0.20215,51.47899],[0.20186,51.48019],[0.20322,51.48035],[0.20209,51.48028],[0.20226,51.4806],[0.20479,51.48084],[0.20286,51.4796],[0.20507,51.48089],[0.20555,51.48045],[0.20631,51.48072],[0.20635,51.48128],[0.20922,51.48182],[0.20961,51.48164],[0.21035,51.48248],[0.21168,51.48271],[0.21767,51.48041],[0.21672,51.48017],[0.21599,51.47949],[0.21642,51.47747],[0.21624,51.47809],[0.21627,51.47747],[0.21566,51.47686],[0.2119,51.47583],[0.21127,51.47528],[0.21136,51.47323],[0.20886,51.47175],[0.20816,51.47084],[0.21101,51.46843],[0.21095,51.46735],[0.20998,51.46557],[0.21024,51.4625],[0.2075,51.4616],[0.20444,51.45998],[0.20261,51.45835],[0.20085,51.45843],[0.20083,51.45843],[0.19907,51.45858],[0.19838,51.45839],[0.19725,51.45759],[0.19756,51.4575],[0.19837,51.45824],[0.19889,51.45799],[0.19802,51.45701],[0.19958,51.45838],[0.20305,51.45795],[0.20306,51.45795],[0.20258,51.45616],[0.20381,51.45595],[0.20324,51.45493],[0.20337,51.45432],[0.20249,51.45387],[0.20197,51.4541],[0.20135,51.45385],[0.20075,51.4529],[0.20022,51.45255],[0.1997,51.45271],[0.19909,51.45211],[0.19721,51.45179],[0.19634,51.45248],[0.19418,51.45164],[0.19386,51.45192],[0.19305,51.4517],[0.19175,51.45068],[0.19103,51.44876],[0.18883,51.4491],[0.18846,51.44859],[0.18764,51.44872],[0.18739,51.44688],[0.18415,51.44464],[0.18357,51.44478],[0.18269,51.44437],[0.18102,51.44418],[0.18084,51.44353],[0.17958,51.44309],[0.17872,51.44352],[0.17604,51.44199],[0.17284,51.44329],[0.17055,51.44082],[0.16871,51.43748],[0.16669,51.43505],[0.16685,51.43195],[0.1661,51.43143],[0.16669,51.4313],[0.16621,51.43028],[0.16559,51.43035],[0.16433,51.42858],[0.16383,51.42861],[0.16392,51.42893],[0.1607,51.42967],[0.15984,51.4292],[0.15909,51.43022],[0.15863,51.43013],[0.15588,51.43088],[0.1553,51.42898],[0.15376,51.42752],[0.15332,51.42532],[0.15352,51.4236],[0.153,51.42198],[0.15116,51.42043],[0.15464,51.41847],[0.15409,51.41776],[0.15106,51.41762],[0.15115,51.41506],[0.14916,51.41244],[0.14975,51.41166],[0.15377,51.41127],[0.15293,51.40871],[0.1516,51.40868],[0.14931,51.40914],[0.14887,51.40843],[0.13918,51.4116],[0.13416,51.41388],[0.12941,51.41485],[0.12746,51.41495],[0.12669,51.41462],[0.12543,51.41478],[0.11992,51.4134],[0.11312,51.41291],[0.10702,51.41426],[0.10322,51.41573],[0.09287,51.42146],[0.08728,51.42562],[0.08279,51.43012],[0.07536,51.43199],[0.07467,51.43215],[0.07611,51.43328],[0.07569,51.43362],[0.0764,51.43401],[0.0759,51.43446],[0.07653,51.43486],[0.07497,51.43587],[0.07657,51.43687],[0.07784,51.43644],[0.08088,51.4404],[0.08181,51.43997],[0.08446,51.44198],[0.08299,51.44273],[0.08283,51.44328],[0.08319,51.44354],[0.08473,51.4426],[0.08631,51.44324],[0.08743,51.44328],[0.08637,51.44531],[0.08741,51.44575],[0.08811,51.44726],[0.08787,51.4487],[0.08686,51.45043],[0.0857,51.45665],[0.0815,51.45775],[0.07867,51.45929],[0.08294,51.45983],[0.08226,51.46113],[0.08263,51.46358],[0.08213,51.46476],[0.08231,51.46664],[0.08324,51.46648],[0.08481,51.46873],[0.08579,51.46943],[0.08913,51.47045],[0.09155,51.47219],[0.09411,51.4732],[0.09658,51.47325],[0.09824,51.47545],[0.10026,51.47523],[0.10201,51.47446],[0.10251,51.47492],[0.10335,51.47459],[0.1049,51.47553],[0.1052,51.47524],[0.10565,51.47546],[0.10618,51.47502],[0.10819,51.47612],[0.11199,51.47307],[0.11847,51.4789],[0.1209,51.47845],[0.12419,51.47685],[0.12212,51.48221],[0.12208,51.48571],[0.12147,51.48756],[0.12053,51.5111],[0.12022,51.51145],[0.12022,51.51145],[0.12505,51.51299],[0.12894,51.51322],[0.13222,51.51227]]]]}},{"type":"Feature","properties":{"name":"Brent","lad24cd":"E09000005"},"geometry":{"type":"Polygon","coordinates":[[[-0.21349,51.55519],[-0.20694,51.54997],[-0.20045,51.5439],[-0.19147,51.53629],[-0.19302,51.53395],[-0.19238,51.53289],[-0.19648,51.52764],[-0.19697,51.52796],[-0.1978,51.5279],[-0.19782,51.52995],[-0.19853,51.53071],[-0.20108,51.53191],[-0.20168,51.53256],[-0.20299,51.53289],[-0.20514,51.53296],[-0.20794,51.53278],[-0.21119,51.53193],[-0.21528,51.53135],[-0.21511,51.53017],[-0.21586,51.52975],[-0.21602,51.52792],[-0.21779,51.5286],[-0.22373,51.52995],[-0.22543,51.53016],[-0.22766,51.52991],[-0.22756,51.53015],[-0.22844,51.53032],[-0.23155,51.53118],[-0.23438,51.53264],[-0.23753,51.53201],[-0.24324,51.53176],[-0.24628,51.53274],[-0.24727,51.53349],[-0.25075,51.53415],[-0.25088,51.53388],[-0.25275,51.53409],[-0.25599,51.53395],[-0.25655,51.53497],[-0.25774,51.53537],[-0.26035,51.53449],[-0.26332,51.53267],[-0.26476,51.53216],[-0.26487,51.53157],[-0.26625,51.53069],[-0.26857,51.52982],[-0.26968,51.53],[-0.27027,51.52977],[-0.27045,51.53005],[-0.27457,51.52956],[-0.27922,51.52878],[-0.28037,51.52835],[-0.28424,51.52891],[-0.28573,51.52917],[-0.28938,51.53168],[-0.28401,51.53353],[-0.28348,51.53281],[-0.28148,51.53323],[-0.28096,51.53259],[-0.27893,51.53326],[-0.27849,51.53458],[-0.27812,51.53455],[-0.27777,51.53507],[-0.28246,51.53865],[-0.28663,51.53678],[-0.29329,51.53495],[-0.29514,51.53487],[-0.29577,51.5353],[-0.29655,51.53523],[-0.29922,51.53342],[-0.30269,51.53198],[-0.30745,51.53309],[-0.30626,51.53418],[-0.30595,51.53937],[-0.30472,51.53986],[-0.30852,51.5432],[-0.30799,51.54441],[-0.30888,51.54521],[-0.30716,51.54526],[-0.30774,51.54588],[-0.31148,51.54757],[-0.31259,51.54919],[-0.31777,51.55161],[-0.32791,51.5553],[-0.33556,51.55656],[-0.33486,51.55787],[-0.33393,51.5577],[-0.33403,51.55875],[-0.33121,51.56138],[-0.33144,51.56153],[-0.32954,51.5624],[-0.32824,51.56254],[-0.32867,51.56597],[-0.32969,51.56619],[-0.32985,51.56713],[-0.32505,51.56826],[-0.32522,51.56846],[-0.32215,51.56968],[-0.3248,51.57331],[-0.32535,51.57594],[-0.32664,51.57878],[-0.32351,51.57933],[-0.3202,51.58037],[-0.31253,51.58445],[-0.3047,51.58705],[-0.30101,51.58724],[-0.28247,51.58503],[-0.28233,51.58584],[-0.2842,51.5905],[-0.28564,51.5919],[-0.28893,51.59282],[-0.29041,51.59354],[-0.28625,51.59494],[-0.28577,51.59473],[-0.28557,51.59521],[-0.28405,51.59561],[-0.27651,51.59651],[-0.27696,51.59694],[-0.27307,51.59839],[-0.27099,51.59838],[-0.26711,51.60037],[-0.25755,51.59218],[-0.25294,51.5889],[-0.24823,51.58431],[-0.25145,51.58355],[-0.25433,51.58153],[-0.25449,51.57906],[-0.25234,51.57447],[-0.25127,51.57315],[-0.25305,51.5724],[-0.25113,51.57028],[-0.2486,51.56852],[-0.2473,51.56847],[-0.247,51.56864],[-0.24735,51.56897],[-0.24654,51.56903],[-0.24607,51.56981],[-0.24655,51.57002],[-0.24597,51.57101],[-0.24673,51.57159],[-0.24596,51.57222],[-0.24522,51.57192],[-0.24434,51.57256],[-0.24362,51.57233],[-0.24243,51.5725],[-0.24243,51.57282],[-0.24134,51.5727],[-0.24113,51.57213],[-0.24005,51.57238],[-0.24001,51.57209],[-0.23885,51.57224],[-0.23799,51.57178],[-0.23816,51.57207],[-0.2375,51.57248],[-0.23586,51.5723],[-0.23548,51.57255],[-0.23567,51.57231],[-0.23456,51.57177],[-0.23342,51.57198],[-0.22879,51.56797],[-0.22592,51.56622],[-0.22283,51.56367],[-0.2185,51.55934],[-0.21349,51.55519]]]}},{"type":"Feature","properties":{"name":"Bromley","lad24cd":"E09000006"},"geometry":{"type":"Polygon","coordinates":[[[0.07536,51.43199],[0.08279,51.43012],[0.08728,51.42562],[0.09287,51.42146],[0.10322,51.41573],[0.10702,51.41426],[0.11312,51.41291],[0.11992,51.4134],[0.12543,51.41478],[0.12669,51.41462],[0.12746,51.41495],[0.12941,51.41485],[0.13416,51.41388],[0.13918,51.4116],[0.14887,51.40843],[0.14869,51.40813],[0.1511,51.40664],[0.15282,51.40627],[0.15525,51.40397],[0.15497,51.40366],[0.15551,51.40358],[0.15722,51.40114],[0.15773,51.39815],[0.15898,51.39582],[0.16238,51.39249],[0.15827,51.39224],[0.14774,51.3928],[0.14753,51.39216],[0.14984,51.39087],[0.14865,51.38867],[0.14942,51.38785],[0.1489,51.38757],[0.15046,51.38602],[0.14999,51.38584],[0.1498,51.38487],[0.14979,51.38367],[0.15047,51.38345],[0.15037,51.38109],[0.14961,51.38109],[0.14961,51.38009],[0.15113,51.3799],[0.15097,51.37909],[0.15235,51.37869],[0.15219,51.37834],[0.15324,51.37804],[0.15254,51.37523],[0.15174,51.37544],[0.1496,51.37358],[0.15083,51.37292],[0.15121,51.37219],[0.15013,51.37016],[0.15206,51.36969],[0.15152,51.36828],[0.14944,51.36916],[0.14888,51.36812],[0.14725,51.36697],[0.14835,51.36637],[0.14505,51.36285],[0.14539,51.3625],[0.14452,51.36117],[0.14455,51.3607],[0.14539,51.36034],[0.14485,51.35844],[0.1459,51.35822],[0.14511,51.35576],[0.14405,51.35486],[0.14363,51.35302],[0.14314,51.35305],[0.14288,51.35266],[0.14262,51.35073],[0.14098,51.35015],[0.14128,51.34953],[0.13976,51.34875],[0.13871,51.34752],[0.13949,51.3473],[0.13944,51.34698],[0.13827,51.34709],[0.1372,51.34587],[0.1362,51.34594],[0.13711,51.3448],[0.13696,51.34417],[0.13178,51.34551],[0.13167,51.34519],[0.12521,51.34587],[0.12224,51.34466],[0.11846,51.34415],[0.11759,51.34313],[0.11723,51.34316],[0.11668,51.3413],[0.11728,51.33978],[0.11847,51.33998],[0.11901,51.33868],[0.1183,51.3384],[0.12001,51.33474],[0.12168,51.33364],[0.12025,51.33214],[0.11789,51.33062],[0.1179,51.32965],[0.11734,51.3295],[0.11664,51.33],[0.11574,51.32951],[0.11421,51.3274],[0.11015,51.32804],[0.10976,51.32668],[0.10724,51.32752],[0.1049,51.32741],[0.10324,51.326],[0.10079,51.32559],[0.10018,51.32407],[0.09618,51.32129],[0.09278,51.31981],[0.08779,51.31831],[0.08682,51.31719],[0.08503,51.31602],[0.08564,51.31478],[0.08507,51.3126],[0.08357,51.31053],[0.08475,51.30835],[0.08409,51.30805],[0.08488,51.30604],[0.08282,51.30563],[0.08543,51.30252],[0.08621,51.30017],[0.0894,51.29776],[0.09118,51.29683],[0.08926,51.29609],[0.08569,51.29308],[0.08153,51.29182],[0.07337,51.29161],[0.06756,51.29038],[0.05851,51.28935],[0.05605,51.2924],[0.05439,51.29209],[0.05079,51.29399],[0.0485,51.29372],[0.04573,51.294],[0.04477,51.29309],[0.0424,51.29267],[0.04331,51.29658],[0.0443,51.29858],[0.04309,51.29905],[0.0423,51.30192],[0.04154,51.30298],[0.04092,51.30272],[0.03634,51.30586],[0.03291,51.30752],[0.03028,51.30556],[0.02798,51.30469],[0.02484,51.30215],[0.0236,51.2997],[0.02095,51.29678],[0.02087,51.29557],[0.0191,51.29168],[0.01501,51.29179],[0.01157,51.3007],[0.01031,51.30568],[0.0095,51.30696],[0.00839,51.31056],[0.01035,51.31615],[0.0066,51.31568],[0.00555,51.31844],[0.00487,51.32208],[0.00226,51.32913],[0.00217,51.32978],[0.00294,51.33041],[0.00332,51.33216],[0.00086,51.3336],[-0.00288,51.34556],[-0.00462,51.34959],[-0.00532,51.35268],[-0.0086,51.35579],[-0.01177,51.35725],[-0.01312,51.35722],[-0.01556,51.35881],[-0.01845,51.36136],[-0.01814,51.36145],[-0.01889,51.36276],[-0.02226,51.36587],[-0.02356,51.36529],[-0.02378,51.36544],[-0.02446,51.36677],[-0.0231,51.36702],[-0.02359,51.37223],[-0.02611,51.37649],[-0.02677,51.37938],[-0.02797,51.37936],[-0.02835,51.3781],[-0.02982,51.37734],[-0.0369,51.37702],[-0.03636,51.37901],[-0.03696,51.37896],[-0.03784,51.38327],[-0.03652,51.38843],[-0.04282,51.38946],[-0.04492,51.3907],[-0.04617,51.39202],[-0.04682,51.39184],[-0.04806,51.39314],[-0.05125,51.39347],[-0.0517,51.394],[-0.05243,51.39415],[-0.05259,51.39462],[-0.05348,51.39491],[-0.05032,51.39796],[-0.05082,51.39765],[-0.05211,51.39826],[-0.05061,51.39952],[-0.05293,51.40144],[-0.05679,51.40053],[-0.05942,51.39923],[-0.06053,51.39914],[-0.06014,51.39957],[-0.06222,51.40155],[-0.06462,51.40172],[-0.06448,51.40204],[-0.0682,51.40349],[-0.06996,51.406],[-0.07244,51.40806],[-0.07327,51.40923],[-0.0735,51.41086],[-0.07274,51.41269],[-0.07515,51.41354],[-0.07648,51.41443],[-0.08037,51.41554],[-0.08073,51.41599],[-0.08108,51.41731],[-0.07856,51.41987],[-0.07829,51.4206],[-0.07504,51.42563],[-0.07391,51.42621],[-0.07094,51.42624],[-0.0689,51.42563],[-0.06866,51.42599],[-0.06789,51.42593],[-0.06602,51.42507],[-0.06581,51.42533],[-0.06455,51.42506],[-0.06441,51.42532],[-0.06258,51.42519],[-0.0581,51.42317],[-0.05675,51.42296],[-0.05514,51.42294],[-0.05474,51.42373],[-0.05241,51.42361],[-0.0518,51.42357],[-0.05175,51.42252],[-0.04599,51.4228],[-0.04625,51.42237],[-0.04368,51.42289],[-0.04381,51.42315],[-0.04157,51.42365],[-0.04092,51.42428],[-0.03845,51.42396],[-0.03747,51.42498],[-0.0342,51.42511],[-0.03421,51.42475],[-0.03179,51.42471],[-0.03197,51.42554],[-0.03022,51.42568],[-0.02434,51.42312],[-0.02257,51.42156],[-0.02224,51.42178],[-0.02093,51.42093],[-0.02165,51.42044],[-0.02076,51.41995],[-0.0214,51.41834],[-0.02256,51.41756],[-0.0217,51.41728],[-0.02217,51.41674],[-0.02147,51.41631],[-0.02073,51.41595],[-0.0178,51.41574],[-0.01797,51.41506],[-0.01427,51.41516],[-0.01454,51.41393],[-0.01424,51.41365],[-0.01031,51.41358],[-0.0084,51.41436],[-0.00659,51.41466],[-0.00655,51.41598],[-0.00558,51.41582],[-0.00497,51.4146],[-0.00328,51.41504],[-0.00339,51.41565],[-0.00073,51.41591],[-0.00012,51.41758],[0.00174,51.41859],[0.00353,51.41743],[0.00567,51.41853],[0.00522,51.41936],[0.00631,51.42103],[0.00673,51.42094],[0.00686,51.4215],[0.00739,51.4214],[0.00811,51.42304],[0.00998,51.42248],[0.01188,51.42409],[0.01337,51.42468],[0.01354,51.4251],[0.01442,51.42522],[0.01412,51.42617],[0.01598,51.42619],[0.01875,51.42706],[0.02112,51.42682],[0.02546,51.42897],[0.03628,51.42242],[0.03906,51.42469],[0.03847,51.42758],[0.03784,51.4278],[0.03836,51.42828],[0.03754,51.43137],[0.03771,51.43334],[0.03374,51.4317],[0.03326,51.43223],[0.03249,51.43189],[0.03161,51.43256],[0.03116,51.43209],[0.03141,51.43258],[0.02859,51.43403],[0.02909,51.43467],[0.02869,51.43641],[0.02718,51.43653],[0.02544,51.43567],[0.0253,51.43598],[0.02478,51.43821],[0.02882,51.43877],[0.02859,51.4404],[0.02938,51.44171],[0.03055,51.44433],[0.0335,51.44358],[0.03553,51.44247],[0.04003,51.44087],[0.04218,51.43948],[0.04334,51.43775],[0.04519,51.4366],[0.04514,51.43624],[0.04781,51.43375],[0.05106,51.43153],[0.0564,51.42616],[0.0586,51.42459],[0.06101,51.42508],[0.06171,51.4237],[0.06329,51.42422],[0.06472,51.4256],[0.06658,51.42601],[0.06662,51.4265],[0.07164,51.4294],[0.07348,51.43125],[0.07308,51.43136],[0.07336,51.43176],[0.07437,51.43146],[0.07486,51.43081],[0.07536,51.43199]]]}},{"type":"Feature","properties":{"name":"Camden","lad24cd":"E09000007"},"geometry":{"type":"Polygon","coordinates":[[[-0.1424,51.56911],[-0.14063,51.56446],[-0.14092,51.56023],[-0.13713,51.55538],[-0.1353,51.55464],[-0.13408,51.55339],[-0.13099,51.55148],[-0.13008,51.54956],[-0.12701,51.54741],[-0.12561,51.54201],[-0.1224,51.53705],[-0.12256,51.53075],[-0.11984,51.53095],[-0.116,51.52989],[-0.11545,51.52776],[-0.11292,51.52641],[-0.11424,51.52551],[-0.11363,51.52457],[-0.11229,51.52368],[-0.10897,51.52302],[-0.10824,51.52209],[-0.107,51.52218],[-0.10529,51.51855],[-0.10782,51.51777],[-0.1138,51.51826],[-0.11157,51.51534],[-0.11383,51.51482],[-0.11469,51.51603],[-0.11945,51.5145],[-0.1218,51.51487],[-0.12207,51.51462],[-0.12285,51.51514],[-0.1273,51.51268],[-0.12934,51.51347],[-0.13078,51.51708],[-0.13252,51.51667],[-0.13241,51.51712],[-0.13353,51.5177],[-0.13401,51.51755],[-0.13521,51.51893],[-0.1358,51.51869],[-0.13628,51.51916],[-0.13696,51.51889],[-0.14284,51.52387],[-0.14356,51.52391],[-0.14345,51.52461],[-0.1441,51.52462],[-0.14409,51.524],[-0.1452,51.52398],[-0.14576,51.52527],[-0.14712,51.52503],[-0.15268,51.53751],[-0.15935,51.53634],[-0.1604,51.5373],[-0.1649,51.53578],[-0.16945,51.53859],[-0.17088,51.53778],[-0.17193,51.5384],[-0.17348,51.53765],[-0.17413,51.53826],[-0.17391,51.53947],[-0.17851,51.53981],[-0.18079,51.53938],[-0.18416,51.53823],[-0.18782,51.53496],[-0.18872,51.53453],[-0.19147,51.53629],[-0.20045,51.5439],[-0.20694,51.54997],[-0.21349,51.55519],[-0.21001,51.55675],[-0.20884,51.55573],[-0.20597,51.55643],[-0.20578,51.55532],[-0.19937,51.55619],[-0.19951,51.55708],[-0.19831,51.55886],[-0.19791,51.55913],[-0.1975,51.55887],[-0.19661,51.5592],[-0.19673,51.5607],[-0.19483,51.56048],[-0.19229,51.56156],[-0.1907,51.56187],[-0.18998,51.56469],[-0.18923,51.5655],[-0.18714,51.56616],[-0.18609,51.56694],[-0.18376,51.56747],[-0.18339,51.56777],[-0.18367,51.56796],[-0.18082,51.5694],[-0.18099,51.56967],[-0.1783,51.57002],[-0.17812,51.57051],[-0.17438,51.56926],[-0.17307,51.57142],[-0.17123,51.57242],[-0.16729,51.57296],[-0.16454,51.5725],[-0.16048,51.57278],[-0.15774,51.57205],[-0.15015,51.57155],[-0.14868,51.57094],[-0.14438,51.57008],[-0.1424,51.56911]]]}},{"type":"Feature","properties":{"name":"Croydon","lad24cd":"E09000008"},"geometry":{"type":"Polygon","coordinates":[[[-0.07856,51.41987],[-0.08108,51.41731],[-0.08073,51.41599],[-0.08037,51.41554],[-0.07648,51.41443],[-0.07515,51.41354],[-0.07274,51.41269],[-0.0735,51.41086],[-0.07327,51.40923],[-0.07244,51.40806],[-0.06996,51.406],[-0.0682,51.40349],[-0.06448,51.40204],[-0.06462,51.40172],[-0.06222,51.40155],[-0.06014,51.39957],[-0.06053,51.39914],[-0.05942,51.39923],[-0.05679,51.40053],[-0.05293,51.40144],[-0.05061,51.39952],[-0.05211,51.39826],[-0.05082,51.39765],[-0.05032,51.39796],[-0.05348,51.39491],[-0.05259,51.39462],[-0.05243,51.39415],[-0.0517,51.394],[-0.05125,51.39347],[-0.04806,51.39314],[-0.04682,51.39184],[-0.04617,51.39202],[-0.04492,51.3907],[-0.04282,51.38946],[-0.03652,51.38843],[-0.03784,51.38327],[-0.03696,51.37896],[-0.03636,51.37901],[-0.0369,51.37702],[-0.02982,51.37734],[-0.02835,51.3781],[-0.02797,51.37936],[-0.02677,51.37938],[-0.02611,51.37649],[-0.02359,51.37223],[-0.0231,51.36702],[-0.02446,51.36677],[-0.02378,51.36544],[-0.02356,51.36529],[-0.02226,51.36587],[-0.01889,51.36276],[-0.01814,51.36145],[-0.01845,51.36136],[-0.01556,51.35881],[-0.01312,51.35722],[-0.01177,51.35725],[-0.0086,51.35579],[-0.00532,51.35268],[-0.00462,51.34959],[-0.00288,51.34556],[0.00086,51.3336],[0.00332,51.33216],[0.00294,51.33041],[0.00217,51.32978],[0.00226,51.32913],[-0.0005,51.32878],[-0.00168,51.33031],[-0.00721,51.33339],[-0.00713,51.33374],[-0.00869,51.33392],[-0.01029,51.3339],[-0.01105,51.33361],[-0.01073,51.33308],[-0.0119,51.33295],[-0.01364,51.33153],[-0.01432,51.32977],[-0.01604,51.33205],[-0.01724,51.33299],[-0.01786,51.33302],[-0.02059,51.3372],[-0.02215,51.33813],[-0.02613,51.33855],[-0.03078,51.33747],[-0.03282,51.33742],[-0.03451,51.33808],[-0.03792,51.33872],[-0.03965,51.33748],[-0.04199,51.33386],[-0.04661,51.33354],[-0.04849,51.3328],[-0.05028,51.33264],[-0.05007,51.33205],[-0.05104,51.33159],[-0.05108,51.33085],[-0.04875,51.32872],[-0.04907,51.32861],[-0.04783,51.32651],[-0.04787,51.32525],[-0.04977,51.32527],[-0.05127,51.32344],[-0.05131,51.32245],[-0.05253,51.32242],[-0.05486,51.32128],[-0.05621,51.32168],[-0.05839,51.32038],[-0.06066,51.32006],[-0.06208,51.3192],[-0.06399,51.31864],[-0.07007,51.3189],[-0.07102,51.32122],[-0.07494,51.32024],[-0.07891,51.31977],[-0.07883,51.3181],[-0.08018,51.31784],[-0.0815,51.31672],[-0.08208,51.317],[-0.08356,51.31668],[-0.08359,51.31638],[-0.0848,51.31587],[-0.08189,51.31261],[-0.08193,51.31065],[-0.08676,51.30879],[-0.08865,51.3074],[-0.08864,51.30522],[-0.08969,51.30396],[-0.09073,51.30394],[-0.09117,51.30339],[-0.09122,51.30148],[-0.09428,51.30062],[-0.09482,51.30062],[-0.096,51.30151],[-0.09734,51.3011],[-0.0974,51.30038],[-0.09692,51.30011],[-0.09432,51.29935],[-0.10055,51.29645],[-0.10264,51.29601],[-0.11105,51.29225],[-0.11475,51.29244],[-0.11455,51.29155],[-0.1155,51.29116],[-0.11692,51.28952],[-0.11779,51.28718],[-0.1243,51.28679],[-0.12605,51.2884],[-0.12633,51.28966],[-0.13029,51.29289],[-0.13133,51.29462],[-0.13104,51.29548],[-0.13436,51.29838],[-0.13617,51.29828],[-0.13725,51.30076],[-0.14074,51.29957],[-0.14284,51.30003],[-0.14358,51.30124],[-0.14442,51.30054],[-0.14485,51.30071],[-0.14563,51.29983],[-0.14845,51.3007],[-0.1495,51.3007],[-0.14981,51.3002],[-0.15336,51.30168],[-0.15532,51.30127],[-0.15668,51.30359],[-0.15774,51.30443],[-0.15502,51.30579],[-0.15451,51.30645],[-0.15642,51.30645],[-0.15716,51.30671],[-0.15432,51.31032],[-0.15623,51.31042],[-0.15833,51.31099],[-0.15717,51.31339],[-0.15931,51.31596],[-0.15958,51.3171],[-0.16048,51.31687],[-0.16118,51.31752],[-0.16188,51.31963],[-0.15652,51.32149],[-0.15272,51.323],[-0.15207,51.32227],[-0.15068,51.32217],[-0.149,51.3228],[-0.14793,51.32268],[-0.14558,51.32349],[-0.14423,51.32593],[-0.14441,51.32646],[-0.14919,51.32885],[-0.14407,51.33069],[-0.14559,51.33245],[-0.14748,51.3388],[-0.14446,51.33951],[-0.14434,51.3402],[-0.14346,51.34054],[-0.14458,51.34209],[-0.14153,51.34341],[-0.13687,51.34472],[-0.13634,51.34479],[-0.13625,51.34441],[-0.13248,51.34427],[-0.13286,51.34543],[-0.13109,51.34547],[-0.13142,51.34602],[-0.12896,51.34658],[-0.12885,51.34727],[-0.12835,51.34745],[-0.12751,51.34745],[-0.12728,51.34709],[-0.12685,51.34486],[-0.12588,51.34523],[-0.1189,51.34558],[-0.11868,51.34585],[-0.11831,51.34562],[-0.11684,51.34576],[-0.11909,51.35314],[-0.12015,51.35303],[-0.12137,51.35774],[-0.12419,51.35741],[-0.12455,51.35836],[-0.12459,51.35887],[-0.12347,51.35915],[-0.12332,51.3589],[-0.12189,51.35907],[-0.12288,51.35992],[-0.12182,51.35998],[-0.12201,51.36096],[-0.12137,51.36104],[-0.12155,51.36213],[-0.1209,51.36331],[-0.1213,51.36473],[-0.12234,51.36452],[-0.12412,51.36535],[-0.12208,51.36575],[-0.12208,51.36622],[-0.12333,51.3712],[-0.12475,51.37294],[-0.12476,51.37369],[-0.12784,51.37474],[-0.12667,51.37492],[-0.12683,51.37547],[-0.12584,51.3756],[-0.12697,51.3774],[-0.12805,51.38048],[-0.13026,51.38221],[-0.12865,51.38249],[-0.12951,51.3853],[-0.12876,51.38564],[-0.13063,51.38627],[-0.12957,51.38723],[-0.13323,51.38955],[-0.13261,51.39012],[-0.13432,51.39085],[-0.12873,51.3935],[-0.12965,51.39365],[-0.12414,51.39761],[-0.12465,51.3981],[-0.12568,51.39832],[-0.12533,51.39894],[-0.12616,51.39987],[-0.12797,51.40168],[-0.13045,51.40327],[-0.13128,51.40426],[-0.1323,51.40681],[-0.13208,51.4092],[-0.12946,51.40957],[-0.12849,51.41099],[-0.12817,51.41094],[-0.12772,51.41232],[-0.12624,51.41293],[-0.12577,51.41263],[-0.12445,51.41337],[-0.12408,51.4146],[-0.12249,51.41503],[-0.11981,51.4188],[-0.11559,51.42063],[-0.11263,51.42324],[-0.10926,51.42318],[-0.10596,51.42259],[-0.09376,51.42277],[-0.09245,51.42245],[-0.08834,51.42001],[-0.08637,51.4193],[-0.08322,51.41974],[-0.07856,51.41987]]]}},{"type":"Feature","properties":{"name":"Ealing","lad24cd":"E09000009"},"geometry":{"type":"Polygon","coordinates":[[[-0.33556,51.55656],[-0.32791,51.5553],[-0.31777,51.55161],[-0.31259,51.54919],[-0.31148,51.54757],[-0.30774,51.54588],[-0.30716,51.54526],[-0.30888,51.54521],[-0.30799,51.54441],[-0.30852,51.5432],[-0.30472,51.53986],[-0.30595,51.53937],[-0.30626,51.53418],[-0.30745,51.53309],[-0.30269,51.53198],[-0.29922,51.53342],[-0.29655,51.53523],[-0.29577,51.5353],[-0.29514,51.53487],[-0.29329,51.53495],[-0.28663,51.53678],[-0.28246,51.53865],[-0.27777,51.53507],[-0.27812,51.53455],[-0.27849,51.53458],[-0.27893,51.53326],[-0.28096,51.53259],[-0.28148,51.53323],[-0.28348,51.53281],[-0.28401,51.53353],[-0.28938,51.53168],[-0.28573,51.52917],[-0.28424,51.52891],[-0.28037,51.52835],[-0.27922,51.52878],[-0.27457,51.52956],[-0.27045,51.53005],[-0.27027,51.52977],[-0.26968,51.53],[-0.26857,51.52982],[-0.26625,51.53069],[-0.26487,51.53157],[-0.26476,51.53216],[-0.26332,51.53267],[-0.26035,51.53449],[-0.25774,51.53537],[-0.25655,51.53497],[-0.25599,51.53395],[-0.25275,51.53409],[-0.25088,51.53388],[-0.25075,51.53415],[-0.24727,51.53349],[-0.24628,51.53274],[-0.24698,51.53178],[-0.24526,51.53122],[-0.24538,51.53105],[-0.247,51.53069],[-0.24987,51.52887],[-0.25056,51.52781],[-0.2503,51.5271],[-0.25232,51.52529],[-0.25264,51.52449],[-0.25192,51.52228],[-0.25032,51.52019],[-0.25069,51.5192],[-0.24907,51.51406],[-0.24644,51.51082],[-0.24513,51.50677],[-0.24648,51.50671],[-0.24567,51.50463],[-0.24797,51.50436],[-0.24809,51.50461],[-0.24926,51.50444],[-0.24942,51.50468],[-0.24992,51.50443],[-0.25108,51.50465],[-0.25248,51.5045],[-0.25253,51.50471],[-0.25375,51.50455],[-0.25367,51.50428],[-0.25506,51.50433],[-0.25336,51.50289],[-0.25304,51.50142],[-0.25277,51.49989],[-0.25561,51.49603],[-0.25541,51.49498],[-0.26148,51.49464],[-0.26768,51.49392],[-0.26976,51.49416],[-0.2713,51.4948],[-0.27295,51.49661],[-0.2774,51.49909],[-0.28077,51.50285],[-0.28433,51.50121],[-0.28672,51.50067],[-0.29402,51.50156],[-0.30067,51.49933],[-0.29995,51.49786],[-0.29754,51.49488],[-0.30113,51.49441],[-0.30138,51.49519],[-0.30585,51.49618],[-0.30543,51.49454],[-0.30841,51.49357],[-0.31191,51.49197],[-0.31388,51.49361],[-0.31439,51.49346],[-0.31509,51.49396],[-0.31447,51.49436],[-0.31571,51.49535],[-0.31528,51.49555],[-0.31579,51.49591],[-0.31918,51.49422],[-0.32341,51.4959],[-0.3239,51.49572],[-0.32468,51.49599],[-0.32613,51.495],[-0.32735,51.496],[-0.32995,51.49502],[-0.33159,51.49561],[-0.33479,51.49614],[-0.34228,51.49599],[-0.34971,51.49898],[-0.35062,51.49911],[-0.35805,51.49777],[-0.36188,51.49609],[-0.36312,51.49588],[-0.36373,51.4947],[-0.36536,51.49331],[-0.36579,51.49365],[-0.36835,51.4923],[-0.36791,51.49179],[-0.37185,51.49048],[-0.37192,51.49099],[-0.3725,51.49103],[-0.37381,51.49196],[-0.37582,51.49539],[-0.3779,51.49547],[-0.37788,51.49661],[-0.38323,51.49486],[-0.38658,51.49469],[-0.39202,51.49579],[-0.40692,51.49967],[-0.40321,51.50341],[-0.39986,51.50443],[-0.3933,51.50719],[-0.38985,51.51409],[-0.38879,51.51483],[-0.38483,51.51644],[-0.38231,51.51817],[-0.3762,51.52487],[-0.37619,51.52882],[-0.38166,51.52951],[-0.38588,51.53037],[-0.38664,51.5304],[-0.38712,51.52957],[-0.38928,51.5308],[-0.39265,51.53145],[-0.40532,51.53322],[-0.41105,51.53429],[-0.41185,51.53407],[-0.41222,51.53449],[-0.41349,51.53471],[-0.41382,51.53574],[-0.41476,51.53598],[-0.4153,51.53655],[-0.41703,51.53652],[-0.41761,51.53677],[-0.41746,51.53782],[-0.41932,51.53822],[-0.41959,51.53856],[-0.41816,51.53915],[-0.41939,51.53991],[-0.41945,51.54033],[-0.41826,51.54009],[-0.41622,51.54021],[-0.40501,51.54249],[-0.39783,51.54233],[-0.39529,51.54255],[-0.39634,51.5457],[-0.39654,51.54597],[-0.39789,51.54567],[-0.39871,51.5479],[-0.39488,51.54765],[-0.39495,51.54873],[-0.39411,51.54863],[-0.38533,51.55114],[-0.37766,51.5547],[-0.37784,51.55498],[-0.37588,51.55308],[-0.37334,51.5541],[-0.37286,51.55375],[-0.36252,51.55604],[-0.36267,51.55633],[-0.36213,51.55661],[-0.36238,51.55724],[-0.34755,51.55966],[-0.34561,51.55845],[-0.34361,51.55772],[-0.3383,51.55723],[-0.33556,51.55656]]]}},{"type":"Feature","properties":{"name":"Enfield","lad24cd":"E09000010"},"geometry":{"type":"Polygon","coordinates":[[[-0.01192,51.68088],[-0.01107,51.68087],[-0.01032,51.67663],[-0.01141,51.67125],[-0.01056,51.66914],[-0.01122,51.66761],[-0.01148,51.66375],[-0.00892,51.66045],[-0.01179,51.65298],[-0.01163,51.64976],[-0.01226,51.64623],[-0.01333,51.63961],[-0.01523,51.63555],[-0.02426,51.62437],[-0.0255,51.62211],[-0.0321,51.61686],[-0.03516,51.61341],[-0.03553,51.61209],[-0.03401,51.61013],[-0.03407,51.60926],[-0.03541,51.60817],[-0.04139,51.60565],[-0.04974,51.60724],[-0.05287,51.60811],[-0.05288,51.60852],[-0.05451,51.60889],[-0.06523,51.60859],[-0.0671,51.60895],[-0.06748,51.60864],[-0.06801,51.60882],[-0.07646,51.60841],[-0.08581,51.60847],[-0.09142,51.6088],[-0.09247,51.60909],[-0.09245,51.60885],[-0.09353,51.60899],[-0.09516,51.60866],[-0.09576,51.6093],[-0.09766,51.60892],[-0.09748,51.60851],[-0.10176,51.60849],[-0.10251,51.60804],[-0.10351,51.60842],[-0.10987,51.60826],[-0.11081,51.60861],[-0.11383,51.60833],[-0.11726,51.60844],[-0.11747,51.60821],[-0.11873,51.60865],[-0.11918,51.60837],[-0.12349,51.60868],[-0.12537,51.61002],[-0.12632,51.60931],[-0.12863,51.60954],[-0.1352,51.61122],[-0.13871,51.61019],[-0.1445,51.61551],[-0.14203,51.61616],[-0.14128,51.61754],[-0.13559,51.62158],[-0.13337,51.62638],[-0.13043,51.62932],[-0.13114,51.62969],[-0.13016,51.63102],[-0.12978,51.63096],[-0.12909,51.63227],[-0.13122,51.63258],[-0.13388,51.63361],[-0.13397,51.63404],[-0.13442,51.63397],[-0.13452,51.63469],[-0.14036,51.6376],[-0.14379,51.64085],[-0.14502,51.64263],[-0.14783,51.64207],[-0.14918,51.64531],[-0.15163,51.64532],[-0.15155,51.64563],[-0.15212,51.6458],[-0.15107,51.64724],[-0.15231,51.64764],[-0.15223,51.64797],[-0.14987,51.64881],[-0.15095,51.65009],[-0.15226,51.64982],[-0.15256,51.65146],[-0.15353,51.65271],[-0.154,51.65259],[-0.15419,51.65297],[-0.15339,51.65331],[-0.1536,51.65454],[-0.15462,51.65498],[-0.15473,51.65555],[-0.16044,51.65676],[-0.16355,51.65821],[-0.16509,51.65826],[-0.18589,51.66285],[-0.18196,51.66868],[-0.17671,51.6721],[-0.17701,51.67268],[-0.17544,51.67259],[-0.17566,51.67316],[-0.17533,51.67345],[-0.17496,51.67322],[-0.17247,51.67309],[-0.16361,51.6824],[-0.16349,51.68812],[-0.15862,51.6874],[-0.15288,51.6858],[-0.14937,51.68551],[-0.14456,51.68635],[-0.14022,51.68772],[-0.13645,51.68853],[-0.13269,51.68889],[-0.12182,51.68853],[-0.11802,51.6891],[-0.10976,51.69163],[-0.10578,51.69188],[-0.0984,51.69091],[-0.09483,51.6901],[-0.08389,51.68991],[-0.07896,51.68884],[-0.06715,51.68406],[-0.06187,51.68295],[-0.05933,51.68281],[-0.05291,51.68337],[-0.04931,51.68424],[-0.04721,51.68347],[-0.04424,51.68343],[-0.04363,51.68334],[-0.04367,51.6831],[-0.03424,51.68245],[-0.03063,51.68254],[-0.01977,51.68115],[-0.01192,51.68088]]]}},{"type":"Feature","properties":{"name":"Greenwich","lad24cd":"E09000011"},"geometry":{"type":"MultiPolygon","coordinates":[[[[-0.0206,51.47669],[-0.0206,51.47669],[-0.02059,51.47671],[-0.02056,51.47672],[-0.02059,51.4767],[-0.0206,51.47669]]],[[[-0.01639,51.48146],[-0.01709,51.48041],[-0.0171,51.48039],[-0.01711,51.48039],[-0.01799,51.48086],[-0.0204,51.48022],[-0.02031,51.47991],[-0.02304,51.47967],[-0.02328,51.48078],[-0.02637,51.4815],[-0.02578,51.48211],[-0.02517,51.48502],[-0.02471,51.48548],[-0.0227,51.48456],[-0.01883,51.48348],[-0.01813,51.48196],[-0.01639,51.48146]]],[[[0.12053,51.5111],[0.12147,51.48756],[0.12208,51.48571],[0.12212,51.48221],[0.12419,51.47685],[0.1209,51.47845],[0.11847,51.4789],[0.11199,51.47307],[0.10819,51.47612],[0.10618,51.47502],[0.10565,51.47546],[0.1052,51.47524],[0.1049,51.47553],[0.10335,51.47459],[0.10251,51.47492],[0.10201,51.47446],[0.10026,51.47523],[0.09824,51.47545],[0.09658,51.47325],[0.09411,51.4732],[0.09155,51.47219],[0.08913,51.47045],[0.08579,51.46943],[0.08481,51.46873],[0.08324,51.46648],[0.08231,51.46664],[0.08213,51.46476],[0.08263,51.46358],[0.08226,51.46113],[0.08294,51.45983],[0.07867,51.45929],[0.0815,51.45775],[0.0857,51.45665],[0.08686,51.45043],[0.08787,51.4487],[0.08811,51.44726],[0.08741,51.44575],[0.08637,51.44531],[0.08743,51.44328],[0.08631,51.44324],[0.08473,51.4426],[0.08319,51.44354],[0.08283,51.44328],[0.08299,51.44273],[0.08446,51.44198],[0.08181,51.43997],[0.08088,51.4404],[0.07784,51.43644],[0.07657,51.43687],[0.07497,51.43587],[0.07653,51.43486],[0.0759,51.43446],[0.0764,51.43401],[0.07569,51.43362],[0.07611,51.43328],[0.07467,51.43215],[0.07536,51.43199],[0.07486,51.43081],[0.07437,51.43146],[0.07336,51.43176],[0.07308,51.43136],[0.07348,51.43125],[0.07164,51.4294],[0.06662,51.4265],[0.06658,51.42601],[0.06472,51.4256],[0.06329,51.42422],[0.06171,51.4237],[0.06101,51.42508],[0.0586,51.42459],[0.0564,51.42616],[0.05106,51.43153],[0.04781,51.43375],[0.04514,51.43624],[0.04519,51.4366],[0.04334,51.43775],[0.04218,51.43948],[0.04003,51.44087],[0.03553,51.44247],[0.0335,51.44358],[0.03055,51.44433],[0.02938,51.44171],[0.02789,51.44152],[0.02558,51.44172],[0.02151,51.44273],[0.02062,51.44421],[0.02152,51.44444],[0.02124,51.4467],[0.02295,51.4472],[0.02214,51.44874],[0.0151,51.45001],[0.01493,51.45061],[0.01513,51.45021],[0.01989,51.45073],[0.01956,51.45171],[0.01835,51.45158],[0.01755,51.45503],[0.01404,51.45573],[0.01154,51.45661],[0.00996,51.4594],[0.00909,51.46587],[0.01154,51.46624],[0.01327,51.46684],[0.0127,51.4674],[0.01309,51.46815],[0.01261,51.46981],[0.01436,51.46975],[0.01636,51.46897],[0.01654,51.46913],[0.0167,51.4695],[0.01553,51.47132],[0.015,51.47308],[0.01796,51.47383],[-0.0009,51.4718],[-0.00823,51.47276],[-0.01256,51.47234],[-0.01405,51.47267],[-0.01453,51.4719],[-0.01515,51.47175],[-0.01311,51.46894],[-0.01506,51.46804],[-0.01656,51.46926],[-0.01689,51.46907],[-0.01911,51.47001],[-0.01924,51.47051],[-0.01866,51.47069],[-0.0193,51.47204],[-0.02031,51.47231],[-0.01997,51.473],[-0.0228,51.47436],[-0.02286,51.47531],[-0.02251,51.47535],[-0.02117,51.47526],[-0.02056,51.47566],[-0.02048,51.47658],[-0.019,51.47705],[-0.01904,51.47766],[-0.01893,51.47845],[-0.01837,51.47937],[-0.01683,51.4801],[-0.01571,51.48164],[-0.01499,51.48175],[-0.01791,51.48255],[-0.0179,51.4832],[-0.01633,51.48323],[-0.01634,51.48296],[-0.01569,51.48293],[-0.01527,51.48313],[-0.01354,51.4829],[-0.01113,51.48302],[-0.01104,51.48332],[-0.01102,51.48333],[-0.00993,51.4836],[-0.00726,51.48377],[-0.00467,51.48457],[-0.00456,51.48461],[-0.00453,51.48461],[-0.00327,51.48486],[-0.00118,51.48632],[-2e-05,51.48673],[0.00138,51.48781],[0.0024,51.48953],[0.00269,51.49187],[0.00237,51.49299],[0.00195,51.49291],[0.00195,51.49292],[0.00159,51.49404],[0.00099,51.49441],[0.00103,51.49515],[0.00075,51.49507],[0.00072,51.49544],[-0.00021,51.49523],[-0.00098,51.49628],[-0.00219,51.49984],[-0.00223,51.50127],[-0.00189,51.50127],[-0.00158,51.5019],[-0.00152,51.50203],[-0.00205,51.50212],[-0.00174,51.50284],[-0.00074,51.5038],[0.00082,51.50453],[0.00326,51.50494],[0.00515,51.5044],[0.00829,51.50173],[0.01388,51.497],[0.01542,51.49626],[0.01796,51.49505],[0.0215,51.49447],[0.02157,51.49395],[0.02201,51.49389],[0.02216,51.49428],[0.02429,51.49382],[0.02904,51.49385],[0.02904,51.49385],[0.0403,51.49543],[0.04479,51.49517],[0.05757,51.49444],[0.05778,51.49404],[0.05802,51.49442],[0.05889,51.49443],[0.05916,51.49413],[0.05931,51.49446],[0.06119,51.49455],[0.06393,51.49468],[0.06417,51.49445],[0.0641,51.49468],[0.07033,51.49513],[0.07575,51.49605],[0.07601,51.49594],[0.07625,51.49585],[0.08232,51.49894],[0.08371,51.50042],[0.08666,51.50355],[0.08686,51.50339],[0.08765,51.50392],[0.08802,51.50545],[0.08803,51.5055],[0.09198,51.50898],[0.09457,51.50895],[0.09946,51.50964],[0.10689,51.50941],[0.11349,51.51015],[0.12021,51.51145],[0.12022,51.51145],[0.12053,51.5111]]]]}},{"type":"Feature","properties":{"name":"Hackney","lad24cd":"E09000012"},"geometry":{"type":"Polygon","coordinates":[[[-0.01717,51.55158],[-0.01898,51.5516],[-0.01894,51.55053],[-0.01746,51.5476],[-0.01655,51.54333],[-0.01985,51.54358],[-0.02558,51.54334],[-0.02899,51.54227],[-0.02955,51.54309],[-0.03323,51.54468],[-0.03773,51.5418],[-0.03714,51.54142],[-0.04137,51.53753],[-0.04482,51.53582],[-0.04716,51.53545],[-0.0497,51.53635],[-0.05091,51.53646],[-0.05238,51.53593],[-0.05286,51.53494],[-0.05503,51.53511],[-0.05897,51.53409],[-0.0603,51.53427],[-0.06243,51.53553],[-0.06286,51.53492],[-0.06219,51.53326],[-0.06501,51.5329],[-0.06516,51.53316],[-0.06625,51.53122],[-0.07203,51.53088],[-0.07458,51.52985],[-0.07568,51.52839],[-0.07727,51.52731],[-0.0763,51.52714],[-0.07664,51.52635],[-0.07646,51.52432],[-0.07593,51.52434],[-0.07574,51.52368],[-0.0762,51.52218],[-0.07825,51.5219],[-0.07853,51.52151],[-0.08104,51.52197],[-0.08177,51.52075],[-0.08312,51.51985],[-0.08523,51.52035],[-0.08421,51.52393],[-0.0852,51.52394],[-0.08512,51.52446],[-0.08546,51.52454],[-0.08475,51.52543],[-0.08501,51.52624],[-0.08698,51.52577],[-0.08883,51.5275],[-0.09537,51.52921],[-0.0951,51.53008],[-0.09703,51.533],[-0.08656,51.5373],[-0.08358,51.54517],[-0.08379,51.54659],[-0.0767,51.54607],[-0.0763,51.54637],[-0.07656,51.54784],[-0.07954,51.55175],[-0.0854,51.55213],[-0.08756,51.55284],[-0.08855,51.55394],[-0.08929,51.55374],[-0.09036,51.55415],[-0.09026,51.55782],[-0.09158,51.56017],[-0.09602,51.56122],[-0.09859,51.56081],[-0.10437,51.56477],[-0.09602,51.57066],[-0.09774,51.57362],[-0.09665,51.57383],[-0.09469,51.57359],[-0.09348,51.57398],[-0.09144,51.57399],[-0.08981,51.5744],[-0.08686,51.5743],[-0.08724,51.5747],[-0.08084,51.57564],[-0.07624,51.57494],[-0.07578,51.57549],[-0.07518,51.57533],[-0.07436,51.57568],[-0.07139,51.57565],[-0.06673,51.57634],[-0.06675,51.57664],[-0.06116,51.57779],[-0.05843,51.57256],[-0.05632,51.57071],[-0.05436,51.57029],[-0.05329,51.56866],[-0.05099,51.56765],[-0.04741,51.56521],[-0.04661,51.56424],[-0.04729,51.56311],[-0.04708,51.56259],[-0.04502,51.56174],[-0.04236,51.56137],[-0.04023,51.56179],[-0.03885,51.56116],[-0.0364,51.56149],[-0.03317,51.56062],[-0.03015,51.56135],[-0.02839,51.56102],[-0.0249,51.55922],[-0.02394,51.55737],[-0.02301,51.55727],[-0.01846,51.55518],[-0.01748,51.55334],[-0.01717,51.55158]]]}},{"type":"Feature","properties":{"name":"Hammersmith and Fulham","lad24cd":"E09000013"},"geometry":{"type":"Polygon","coordinates":[[[-0.22844,51.53032],[-0.22873,51.52991],[-0.22743,51.528],[-0.22723,51.52478],[-0.22657,51.52463],[-0.2267,51.52194],[-0.22828,51.5211],[-0.2226,51.51564],[-0.21932,51.50955],[-0.21785,51.50975],[-0.21804,51.51022],[-0.21719,51.5104],[-0.21645,51.50911],[-0.21581,51.50915],[-0.2152,51.50765],[-0.21612,51.50752],[-0.21594,51.5064],[-0.21798,51.50614],[-0.21418,51.50083],[-0.2105,51.49835],[-0.20795,51.49603],[-0.20733,51.49615],[-0.20301,51.49332],[-0.20183,51.49185],[-0.20229,51.49156],[-0.19856,51.48839],[-0.19676,51.48732],[-0.19591,51.48737],[-0.19404,51.48622],[-0.18385,51.47744],[-0.18387,51.47744],[-0.18417,51.47718],[-0.18247,51.47711],[-0.18041,51.47771],[-0.17936,51.47762],[-0.18099,51.4726],[-0.18306,51.46922],[-0.18447,51.46768],[-0.18629,51.46653],[-0.18855,51.46584],[-0.19044,51.46526],[-0.19416,51.46484],[-0.19714,51.46498],[-0.19738,51.46521],[-0.19755,51.46499],[-0.19762,51.46499],[-0.19953,51.465],[-0.20276,51.46534],[-0.21053,51.46714],[-0.21051,51.46774],[-0.21099,51.46731],[-0.21131,51.46741],[-0.21678,51.46961],[-0.2215,51.47348],[-0.22255,51.47475],[-0.22329,51.4767],[-0.22355,51.47739],[-0.22402,51.4817],[-0.22362,51.48189],[-0.22408,51.48243],[-0.22501,51.48431],[-0.22645,51.48605],[-0.22757,51.48741],[-0.22761,51.48744],[-0.22867,51.48883],[-0.23278,51.49019],[-0.23437,51.49041],[-0.23446,51.49041],[-0.2346,51.4904],[-0.24049,51.4901],[-0.24306,51.48943],[-0.24449,51.48871],[-0.24451,51.4887],[-0.24452,51.4887],[-0.24494,51.489],[-0.2456,51.49022],[-0.24442,51.49794],[-0.24498,51.4979],[-0.24526,51.49834],[-0.2492,51.49695],[-0.25129,51.49986],[-0.25304,51.50142],[-0.25336,51.50289],[-0.25506,51.50433],[-0.25367,51.50428],[-0.25375,51.50455],[-0.25253,51.50471],[-0.25248,51.5045],[-0.25108,51.50465],[-0.24992,51.50443],[-0.24942,51.50468],[-0.24926,51.50444],[-0.24809,51.50461],[-0.24797,51.50436],[-0.24567,51.50463],[-0.24648,51.50671],[-0.24513,51.50677],[-0.24644,51.51082],[-0.24907,51.51406],[-0.25069,51.5192],[-0.25032,51.52019],[-0.25192,51.52228],[-0.25264,51.52449],[-0.25232,51.52529],[-0.2503,51.5271],[-0.25056,51.52781],[-0.24987,51.52887],[-0.247,51.53069],[-0.24538,51.53105],[-0.24526,51.53122],[-0.24698,51.53178],[-0.24628,51.53274],[-0.24324,51.53176],[-0.23753,51.53201],[-0.23438,51.53264],[-0.23155,51.53118],[-0.22844,51.53032]]]}},{"type":"Feature","properties":{"name":"Haringey","lad24cd":"E09000014"},"geometry":{"type":"Polygon","coordinates":[[[-0.04139,51.60565],[-0.04352,51.60271],[-0.04603,51.60012],[-0.05046,51.59659],[-0.0512,51.59494],[-0.0521,51.59414],[-0.05342,51.59085],[-0.05348,51.58974],[-0.05218,51.5876],[-0.05484,51.58578],[-0.05574,51.58426],[-0.05783,51.58251],[-0.061,51.58085],[-0.06194,51.58003],[-0.06218,51.57919],[-0.06116,51.57779],[-0.06675,51.57664],[-0.06673,51.57634],[-0.07139,51.57565],[-0.07436,51.57568],[-0.07518,51.57533],[-0.07578,51.57549],[-0.07624,51.57494],[-0.08084,51.57564],[-0.08724,51.5747],[-0.08686,51.5743],[-0.08981,51.5744],[-0.09144,51.57399],[-0.09348,51.57398],[-0.09469,51.57359],[-0.09665,51.57383],[-0.09774,51.57362],[-0.09602,51.57066],[-0.10437,51.56477],[-0.10488,51.56467],[-0.11059,51.56857],[-0.11502,51.57059],[-0.11536,51.57188],[-0.11608,51.57218],[-0.11555,51.57258],[-0.11755,51.57414],[-0.11955,51.57438],[-0.11888,51.57473],[-0.11953,51.57551],[-0.12373,51.57466],[-0.12486,51.57409],[-0.12757,51.57415],[-0.13126,51.57356],[-0.13319,51.57296],[-0.14063,51.56943],[-0.1424,51.56911],[-0.14438,51.57008],[-0.14868,51.57094],[-0.15015,51.57155],[-0.15774,51.57205],[-0.16048,51.57278],[-0.16454,51.5725],[-0.16729,51.57296],[-0.17123,51.57242],[-0.1712,51.57357],[-0.16944,51.57397],[-0.16971,51.57637],[-0.16931,51.57742],[-0.16806,51.57693],[-0.16681,51.57866],[-0.16719,51.5813],[-0.16687,51.58196],[-0.16619,51.58204],[-0.16572,51.58322],[-0.16373,51.58432],[-0.16247,51.58452],[-0.16113,51.58538],[-0.15962,51.58446],[-0.15794,51.58574],[-0.1579,51.58621],[-0.15713,51.58619],[-0.1574,51.58656],[-0.15868,51.58663],[-0.15863,51.588],[-0.16023,51.58799],[-0.16016,51.5897],[-0.15976,51.58972],[-0.15943,51.59157],[-0.15869,51.592],[-0.15886,51.59232],[-0.15969,51.59223],[-0.16176,51.59748],[-0.15648,51.60532],[-0.15586,51.60547],[-0.15608,51.60512],[-0.15467,51.60423],[-0.15341,51.60285],[-0.15295,51.59919],[-0.15133,51.59747],[-0.14444,51.60013],[-0.14417,51.6011],[-0.14197,51.60371],[-0.14315,51.60672],[-0.14343,51.60883],[-0.13871,51.61019],[-0.1352,51.61122],[-0.12863,51.60954],[-0.12632,51.60931],[-0.12537,51.61002],[-0.12349,51.60868],[-0.11918,51.60837],[-0.11873,51.60865],[-0.11747,51.60821],[-0.11726,51.60844],[-0.11383,51.60833],[-0.11081,51.60861],[-0.10987,51.60826],[-0.10351,51.60842],[-0.10251,51.60804],[-0.10176,51.60849],[-0.09748,51.60851],[-0.09766,51.60892],[-0.09576,51.6093],[-0.09516,51.60866],[-0.09353,51.60899],[-0.09245,51.60885],[-0.09247,51.60909],[-0.09142,51.6088],[-0.08581,51.60847],[-0.07646,51.60841],[-0.06801,51.60882],[-0.06748,51.60864],[-0.0671,51.60895],[-0.06523,51.60859],[-0.05451,51.60889],[-0.05288,51.60852],[-0.05287,51.60811],[-0.04974,51.60724],[-0.04139,51.60565]]]}},{"type":"Feature","properties":{"name":"Harrow","lad24cd":"E09000015"},"geometry":{"type":"Polygon","coordinates":[[[-0.30445,51.63635],[-0.30557,51.63412],[-0.30411,51.63163],[-0.28739,51.61702],[-0.28246,51.61358],[-0.27567,51.60771],[-0.27376,51.60565],[-0.26711,51.60037],[-0.27099,51.59838],[-0.27307,51.59839],[-0.27696,51.59694],[-0.27651,51.59651],[-0.28405,51.59561],[-0.28557,51.59521],[-0.28577,51.59473],[-0.28625,51.59494],[-0.29041,51.59354],[-0.28893,51.59282],[-0.28564,51.5919],[-0.2842,51.5905],[-0.28233,51.58584],[-0.28247,51.58503],[-0.30101,51.58724],[-0.3047,51.58705],[-0.31253,51.58445],[-0.3202,51.58037],[-0.32351,51.57933],[-0.32664,51.57878],[-0.32535,51.57594],[-0.3248,51.57331],[-0.32215,51.56968],[-0.32522,51.56846],[-0.32505,51.56826],[-0.32985,51.56713],[-0.32969,51.56619],[-0.32867,51.56597],[-0.32824,51.56254],[-0.32954,51.5624],[-0.33144,51.56153],[-0.33121,51.56138],[-0.33403,51.55875],[-0.33393,51.5577],[-0.33486,51.55787],[-0.33556,51.55656],[-0.3383,51.55723],[-0.34361,51.55772],[-0.34561,51.55845],[-0.34755,51.55966],[-0.36238,51.55724],[-0.36213,51.55661],[-0.36267,51.55633],[-0.36252,51.55604],[-0.37286,51.55375],[-0.37334,51.5541],[-0.37588,51.55308],[-0.37784,51.55498],[-0.38024,51.55905],[-0.38024,51.56054],[-0.38233,51.56288],[-0.38189,51.56308],[-0.3824,51.5636],[-0.38236,51.56483],[-0.3833,51.56728],[-0.38648,51.57155],[-0.38565,51.57213],[-0.38808,51.57499],[-0.38754,51.57525],[-0.38854,51.57769],[-0.39156,51.58156],[-0.39098,51.5817],[-0.39104,51.58305],[-0.39198,51.58827],[-0.39446,51.59042],[-0.39549,51.59019],[-0.39553,51.59188],[-0.39637,51.59362],[-0.3965,51.59505],[-0.39768,51.59652],[-0.39762,51.59701],[-0.40033,51.59742],[-0.39993,51.59818],[-0.40117,51.59956],[-0.4024,51.60212],[-0.40238,51.60589],[-0.40176,51.60662],[-0.40322,51.6091],[-0.404,51.61318],[-0.39947,51.61341],[-0.39268,51.61518],[-0.38666,51.61564],[-0.3835,51.61651],[-0.38199,51.61743],[-0.37584,51.61819],[-0.36817,51.62065],[-0.36624,51.62102],[-0.36343,51.62254],[-0.36262,51.6235],[-0.36179,51.62373],[-0.35968,51.62526],[-0.34922,51.62691],[-0.34511,51.62833],[-0.33981,51.63081],[-0.33828,51.62947],[-0.33309,51.63338],[-0.33297,51.63384],[-0.33258,51.63374],[-0.32998,51.63534],[-0.32655,51.63672],[-0.31979,51.63822],[-0.31806,51.63993],[-0.31667,51.64054],[-0.31232,51.63896],[-0.30538,51.63711],[-0.30445,51.63635]]]}},{"type":"Feature","properties":{"name":"Havering","lad24cd":"E09000016"},"geometry":{"type":"Polygon","coordinates":[[[0.31304,51.56582],[0.31525,51.55789],[0.3165,51.55769],[0.31844,51.55678],[0.3189,51.55519],[0.32205,51.5542],[0.32231,51.55278],[0.32516,51.55306],[0.32782,51.55099],[0.32798,51.54856],[0.32947,51.54656],[0.3289,51.54584],[0.33145,51.54594],[0.3339,51.54249],[0.33333,51.54126],[0.33384,51.54116],[0.33402,51.5405],[0.33143,51.54005],[0.33159,51.5408],[0.32153,51.5405],[0.31053,51.53965],[0.31051,51.53935],[0.31004,51.53929],[0.30072,51.53876],[0.30086,51.53813],[0.29721,51.53766],[0.29775,51.53532],[0.29044,51.53466],[0.29052,51.53449],[0.28808,51.53455],[0.28176,51.53394],[0.27634,51.53293],[0.27622,51.53318],[0.27496,51.53294],[0.27071,51.53309],[0.26535,51.53215],[0.26539,51.52496],[0.26567,51.52461],[0.26675,51.52451],[0.2667,51.52331],[0.26664,51.52296],[0.26501,51.5229],[0.26426,51.52164],[0.26368,51.51787],[0.26167,51.51796],[0.2603,51.51837],[0.25893,51.51776],[0.25383,51.51789],[0.25233,51.52479],[0.25154,51.52597],[0.25085,51.52882],[0.24896,51.52867],[0.24888,51.52741],[0.24829,51.52755],[0.24626,51.52646],[0.24709,51.52509],[0.24584,51.52352],[0.24286,51.52439],[0.2407,51.52196],[0.24072,51.52121],[0.24444,51.52037],[0.24467,51.52015],[0.24423,51.51976],[0.24491,51.51876],[0.24394,51.51834],[0.2402,51.51935],[0.23718,51.51933],[0.24114,51.51374],[0.23997,51.51305],[0.24031,51.51076],[0.2406,51.51051],[0.2415,51.51062],[0.24192,51.50796],[0.24,51.50771],[0.23985,51.50728],[0.23344,51.50667],[0.22896,51.5068],[0.2266,51.50656],[0.2264,51.50593],[0.22602,51.50588],[0.22661,51.50449],[0.22997,51.49937],[0.22791,51.49886],[0.22436,51.49733],[0.22361,51.49791],[0.22165,51.49781],[0.21703,51.49658],[0.21549,51.49662],[0.21416,51.49604],[0.21354,51.49501],[0.21307,51.49502],[0.21193,51.49104],[0.21069,51.49018],[0.21058,51.49025],[0.20964,51.48977],[0.20887,51.48986],[0.20931,51.49042],[0.20837,51.48967],[0.20105,51.48915],[0.19631,51.48816],[0.1916,51.48809],[0.18917,51.48771],[0.18766,51.48789],[0.18748,51.48857],[0.18479,51.49071],[0.18387,51.49224],[0.18332,51.49537],[0.18256,51.49594],[0.18249,51.49652],[0.18375,51.49715],[0.18287,51.49791],[0.18292,51.49861],[0.18292,51.49865],[0.18226,51.4991],[0.18252,51.4994],[0.18018,51.50136],[0.18027,51.50217],[0.17853,51.50527],[0.1741,51.50799],[0.17221,51.50833],[0.1662,51.51067],[0.165,51.51165],[0.16386,51.51164],[0.16361,51.51192],[0.16253,51.51163],[0.15994,51.51176],[0.15953,51.51192],[0.15958,51.51242],[0.15876,51.51227],[0.15963,51.51581],[0.16238,51.52158],[0.16295,51.52384],[0.16546,51.52841],[0.16799,51.53074],[0.17079,51.53263],[0.174,51.53766],[0.1752,51.53858],[0.17657,51.53925],[0.17808,51.53954],[0.17924,51.5403],[0.18038,51.5441],[0.1826,51.54583],[0.18581,51.54724],[0.1875,51.55021],[0.1896,51.55146],[0.19022,51.55265],[0.18788,51.55409],[0.18694,51.55578],[0.18587,51.55634],[0.18476,51.55641],[0.18504,51.55679],[0.18441,51.55765],[0.18479,51.55988],[0.18267,51.56124],[0.18399,51.56385],[0.18518,51.56475],[0.18518,51.56551],[0.18348,51.56463],[0.17874,51.56494],[0.17612,51.56472],[0.1734,51.56509],[0.16854,51.5636],[0.16637,51.56327],[0.16189,51.56162],[0.15167,51.56792],[0.15126,51.56809],[0.15087,51.5678],[0.1503,51.56786],[0.14874,51.56864],[0.1467,51.5688],[0.14667,51.56943],[0.14974,51.56971],[0.14898,51.57323],[0.14794,51.57312],[0.14815,51.5756],[0.14701,51.57571],[0.14745,51.58081],[0.14856,51.58078],[0.15089,51.58349],[0.15123,51.58892],[0.15062,51.59137],[0.15114,51.59545],[0.14984,51.59706],[0.14807,51.59636],[0.14815,51.59678],[0.14765,51.59679],[0.14821,51.59897],[0.14951,51.6029],[0.14862,51.60444],[0.1487,51.6087],[0.14754,51.61222],[0.14551,51.61453],[0.14437,51.6168],[0.13818,51.62355],[0.14985,51.62321],[0.15591,51.62332],[0.16548,51.62245],[0.1689,51.62142],[0.1753,51.62359],[0.1804,51.62447],[0.18061,51.62574],[0.18124,51.62583],[0.18278,51.62573],[0.18593,51.62437],[0.18627,51.62456],[0.186,51.62552],[0.18837,51.62541],[0.1894,51.62449],[0.18981,51.6251],[0.19478,51.62571],[0.20031,51.62494],[0.20361,51.62517],[0.20846,51.62668],[0.21225,51.62698],[0.21211,51.62719],[0.21755,51.62909],[0.22208,51.63013],[0.22409,51.63174],[0.23735,51.62407],[0.25219,51.61777],[0.25769,51.61418],[0.25926,51.61209],[0.26227,51.60966],[0.26391,51.60899],[0.26456,51.60832],[0.26433,51.60783],[0.26312,51.60732],[0.26168,51.60746],[0.25808,51.60651],[0.258,51.60491],[0.25716,51.60493],[0.25663,51.60361],[0.25421,51.60238],[0.25401,51.6016],[0.25529,51.60125],[0.25799,51.60126],[0.25825,51.60092],[0.26227,51.60002],[0.26987,51.59955],[0.27032,51.59755],[0.26933,51.5953],[0.27025,51.59109],[0.27135,51.58976],[0.27123,51.58899],[0.27214,51.58761],[0.27381,51.58681],[0.28197,51.5789],[0.28509,51.57411],[0.28667,51.57357],[0.28717,51.57258],[0.2867,51.57151],[0.29029,51.5643],[0.31304,51.56582]]]}},{"type":"Feature","properties":{"name":"Hillingdon","lad24cd":"E09000017"},"geometry":{"type":"Polygon","coordinates":[[[-0.404,51.61318],[-0.40322,51.6091],[-0.40176,51.60662],[-0.40238,51.60589],[-0.4024,51.60212],[-0.40117,51.59956],[-0.39993,51.59818],[-0.40033,51.59742],[-0.39762,51.59701],[-0.39768,51.59652],[-0.3965,51.59505],[-0.39637,51.59362],[-0.39553,51.59188],[-0.39549,51.59019],[-0.39446,51.59042],[-0.39198,51.58827],[-0.39104,51.58305],[-0.39098,51.5817],[-0.39156,51.58156],[-0.38854,51.57769],[-0.38754,51.57525],[-0.38808,51.57499],[-0.38565,51.57213],[-0.38648,51.57155],[-0.3833,51.56728],[-0.38236,51.56483],[-0.3824,51.5636],[-0.38189,51.56308],[-0.38233,51.56288],[-0.38024,51.56054],[-0.38024,51.55905],[-0.37784,51.55498],[-0.37766,51.5547],[-0.38533,51.55114],[-0.39411,51.54863],[-0.39495,51.54873],[-0.39488,51.54765],[-0.39871,51.5479],[-0.39789,51.54567],[-0.39654,51.54597],[-0.39634,51.5457],[-0.39529,51.54255],[-0.39783,51.54233],[-0.40501,51.54249],[-0.41622,51.54021],[-0.41826,51.54009],[-0.41945,51.54033],[-0.41939,51.53991],[-0.41816,51.53915],[-0.41959,51.53856],[-0.41932,51.53822],[-0.41746,51.53782],[-0.41761,51.53677],[-0.41703,51.53652],[-0.4153,51.53655],[-0.41476,51.53598],[-0.41382,51.53574],[-0.41349,51.53471],[-0.41222,51.53449],[-0.41185,51.53407],[-0.41105,51.53429],[-0.40532,51.53322],[-0.39265,51.53145],[-0.38928,51.5308],[-0.38712,51.52957],[-0.38664,51.5304],[-0.38588,51.53037],[-0.38166,51.52951],[-0.37619,51.52882],[-0.3762,51.52487],[-0.38231,51.51817],[-0.38483,51.51644],[-0.38879,51.51483],[-0.38985,51.51409],[-0.3933,51.50719],[-0.39986,51.50443],[-0.40321,51.50341],[-0.40692,51.49967],[-0.40922,51.50033],[-0.40969,51.49984],[-0.41082,51.49774],[-0.41054,51.49621],[-0.41148,51.49468],[-0.41263,51.48853],[-0.41331,51.48722],[-0.41393,51.48722],[-0.41454,51.48644],[-0.41459,51.48617],[-0.41397,51.48608],[-0.41473,51.48557],[-0.41621,51.48296],[-0.41692,51.48248],[-0.4164,51.48211],[-0.41675,51.48057],[-0.41489,51.47691],[-0.41577,51.47394],[-0.41474,51.47342],[-0.41287,51.47134],[-0.41136,51.4705],[-0.41113,51.46989],[-0.42021,51.46714],[-0.42028,51.46678],[-0.42192,51.46662],[-0.4336,51.46172],[-0.43658,51.45785],[-0.43479,51.45709],[-0.435,51.45688],[-0.44142,51.45678],[-0.44395,51.45329],[-0.44912,51.45381],[-0.45378,51.45485],[-0.45395,51.45545],[-0.45542,51.45562],[-0.45536,51.45528],[-0.45574,51.45523],[-0.45872,51.45634],[-0.46111,51.45717],[-0.46876,51.45783],[-0.47362,51.45858],[-0.47605,51.46008],[-0.47648,51.4606],[-0.47591,51.46079],[-0.47715,51.46138],[-0.4862,51.46137],[-0.48962,51.4618],[-0.49215,51.46299],[-0.49387,51.46276],[-0.49694,51.46585],[-0.4981,51.46644],[-0.50102,51.46731],[-0.50425,51.46777],[-0.50638,51.46775],[-0.5073,51.46694],[-0.50879,51.4671],[-0.51024,51.4675],[-0.50981,51.46921],[-0.5085,51.46942],[-0.50594,51.47248],[-0.50349,51.48052],[-0.50196,51.48286],[-0.4987,51.48608],[-0.499,51.48672],[-0.49968,51.48683],[-0.49902,51.48786],[-0.49917,51.48858],[-0.49831,51.48846],[-0.49798,51.48888],[-0.49863,51.48926],[-0.49738,51.48988],[-0.49665,51.48983],[-0.49676,51.49049],[-0.49599,51.49054],[-0.49494,51.49132],[-0.49535,51.49205],[-0.49483,51.49266],[-0.49144,51.49306],[-0.49044,51.49385],[-0.49002,51.49475],[-0.48963,51.49553],[-0.4887,51.49597],[-0.48902,51.49737],[-0.48951,51.49756],[-0.48885,51.49856],[-0.4896,51.49864],[-0.48976,51.49899],[-0.48876,51.5002],[-0.4875,51.50036],[-0.48724,51.50097],[-0.48626,51.50086],[-0.4863,51.50177],[-0.48523,51.50258],[-0.48469,51.5036],[-0.48529,51.50402],[-0.4849,51.50437],[-0.4851,51.50517],[-0.48393,51.5057],[-0.48322,51.50708],[-0.484,51.50759],[-0.48361,51.5081],[-0.48585,51.50984],[-0.48554,51.50985],[-0.4857,51.5102],[-0.48628,51.51016],[-0.48733,51.51086],[-0.48979,51.51153],[-0.48992,51.51341],[-0.48956,51.51408],[-0.4912,51.51526],[-0.49233,51.51708],[-0.49159,51.51899],[-0.49037,51.52017],[-0.49117,51.52128],[-0.49052,51.52248],[-0.49026,51.52459],[-0.49082,51.52644],[-0.48946,51.52762],[-0.48897,51.52907],[-0.48989,51.53044],[-0.49013,51.53207],[-0.49119,51.53327],[-0.49048,51.53416],[-0.49121,51.53433],[-0.4916,51.53492],[-0.49333,51.53584],[-0.49549,51.53855],[-0.49358,51.54101],[-0.49179,51.5416],[-0.4921,51.54245],[-0.49078,51.545],[-0.49156,51.54533],[-0.49131,51.54617],[-0.48937,51.54633],[-0.48951,51.54718],[-0.48815,51.54743],[-0.4866,51.55003],[-0.48423,51.55146],[-0.48266,51.55152],[-0.47888,51.55484],[-0.47778,51.55484],[-0.47733,51.55527],[-0.47662,51.55919],[-0.47752,51.56028],[-0.48042,51.56081],[-0.48104,51.56071],[-0.48075,51.56178],[-0.48279,51.56282],[-0.48225,51.56392],[-0.48322,51.56514],[-0.48258,51.56573],[-0.48476,51.56687],[-0.48401,51.5712],[-0.48506,51.5723],[-0.48553,51.57384],[-0.48454,51.5743],[-0.48403,51.57513],[-0.48806,51.57646],[-0.48812,51.57694],[-0.48894,51.57727],[-0.48947,51.57815],[-0.48855,51.57962],[-0.4896,51.58177],[-0.49483,51.58478],[-0.49494,51.58655],[-0.49574,51.58812],[-0.49721,51.58934],[-0.49791,51.59096],[-0.49882,51.59122],[-0.49862,51.5919],[-0.49954,51.59214],[-0.49878,51.59308],[-0.49857,51.59444],[-0.49943,51.5954],[-0.5006,51.59969],[-0.50083,51.60025],[-0.50017,51.60123],[-0.49923,51.60137],[-0.49812,51.60091],[-0.49739,51.60096],[-0.49668,51.60142],[-0.49626,51.60246],[-0.49711,51.60316],[-0.4972,51.60481],[-0.49856,51.60831],[-0.49921,51.60888],[-0.49838,51.6094],[-0.49893,51.61016],[-0.49894,51.61107],[-0.49778,51.61443],[-0.49703,51.61488],[-0.49532,51.61894],[-0.49687,51.62052],[-0.49911,51.62103],[-0.50016,51.62215],[-0.50005,51.62365],[-0.49837,51.62474],[-0.49764,51.62662],[-0.50026,51.62894],[-0.49926,51.63048],[-0.49683,51.63172],[-0.49615,51.63174],[-0.49552,51.63117],[-0.49421,51.63105],[-0.49348,51.63056],[-0.49153,51.63076],[-0.48818,51.62696],[-0.47867,51.6225],[-0.4767,51.62189],[-0.46915,51.61684],[-0.46445,51.61477],[-0.45713,51.61229],[-0.45535,51.6127],[-0.44888,51.61533],[-0.44555,51.61962],[-0.44326,51.6195],[-0.44058,51.62007],[-0.43828,51.61992],[-0.43273,51.61835],[-0.4284,51.61775],[-0.42648,51.61701],[-0.4209,51.61693],[-0.41695,51.61649],[-0.41113,51.61381],[-0.404,51.61318]]]}},{"type":"Feature","properties":{"name":"Hounslow","lad24cd":"E09000018"},"geometry":{"type":"MultiPolygon","coordinates":[[[[-0.32399,51.46498],[-0.32399,51.46498],[-0.32399,51.46498],[-0.32399,51.46498]]],[[[-0.31978,51.47068],[-0.32091,51.46598],[-0.3213,51.46687],[-0.32122,51.46956],[-0.32047,51.47047],[-0.31978,51.47068]]],[[[-0.29767,51.48522],[-0.29857,51.48411],[-0.29904,51.48467],[-0.29865,51.48452],[-0.29811,51.48485],[-0.29844,51.48504],[-0.29789,51.48523],[-0.29775,51.48528],[-0.29762,51.48528],[-0.29767,51.48522]]],[[[-0.28043,51.4848],[-0.2808,51.48472],[-0.2818,51.48536],[-0.28043,51.4848]]],[[[-0.24478,51.488],[-0.24757,51.48654],[-0.24624,51.48759],[-0.24491,51.48818],[-0.24448,51.48827],[-0.24478,51.488]]],[[[-0.28077,51.50285],[-0.2774,51.49909],[-0.27295,51.49661],[-0.2713,51.4948],[-0.26976,51.49416],[-0.26768,51.49392],[-0.26148,51.49464],[-0.25541,51.49498],[-0.25561,51.49603],[-0.25277,51.49989],[-0.25304,51.50142],[-0.25129,51.49986],[-0.2492,51.49695],[-0.24526,51.49834],[-0.24498,51.4979],[-0.24442,51.49794],[-0.2456,51.49022],[-0.24494,51.489],[-0.24452,51.4887],[-0.24764,51.48734],[-0.24971,51.48569],[-0.24943,51.48556],[-0.2514,51.48218],[-0.25153,51.47733],[-0.2527,51.47506],[-0.25465,51.47291],[-0.25807,51.47166],[-0.26214,51.47136],[-0.26568,51.47192],[-0.26913,51.47355],[-0.27306,51.47697],[-0.27342,51.47759],[-0.27527,51.48082],[-0.27672,51.48334],[-0.28157,51.48629],[-0.28644,51.4875],[-0.28725,51.48793],[-0.28742,51.48766],[-0.28745,51.48761],[-0.29246,51.48746],[-0.29267,51.48739],[-0.29885,51.4853],[-0.29902,51.48531],[-0.3004,51.48398],[-0.29997,51.48414],[-0.29972,51.48326],[-0.30051,51.48379],[-0.30142,51.48338],[-0.30036,51.48351],[-0.30018,51.48317],[-0.30102,51.48299],[-0.30339,51.48259],[-0.30421,51.48322],[-0.30509,51.48267],[-0.30627,51.48279],[-0.30486,51.4823],[-0.30402,51.48296],[-0.30438,51.48217],[-0.30009,51.4827],[-0.30093,51.4817],[-0.30354,51.4799],[-0.30412,51.47961],[-0.30467,51.47992],[-0.30428,51.4796],[-0.30465,51.4796],[-0.30446,51.47913],[-0.30521,51.47827],[-0.30575,51.47834],[-0.30536,51.47814],[-0.30618,51.47696],[-0.30707,51.47704],[-0.30626,51.47687],[-0.30693,51.47621],[-0.30807,51.47564],[-0.30804,51.47586],[-0.30875,51.47588],[-0.30823,51.47558],[-0.30931,51.47502],[-0.30959,51.47524],[-0.30935,51.47497],[-0.30977,51.47517],[-0.30951,51.47491],[-0.3101,51.47492],[-0.30999,51.47467],[-0.31062,51.47493],[-0.31025,51.47453],[-0.31066,51.47469],[-0.31063,51.47438],[-0.31115,51.47472],[-0.31072,51.47433],[-0.31132,51.47456],[-0.31131,51.47414],[-0.31165,51.47445],[-0.31134,51.47409],[-0.31185,51.47434],[-0.31146,51.47401],[-0.31203,51.47422],[-0.31164,51.47392],[-0.31202,51.47375],[-0.31247,51.474],[-0.31217,51.47371],[-0.31271,51.47388],[-0.31247,51.47367],[-0.31296,51.47375],[-0.3129,51.47351],[-0.31345,51.4739],[-0.3131,51.47345],[-0.31388,51.47347],[-0.31386,51.4732],[-0.31421,51.47346],[-0.31392,51.47319],[-0.3143,51.47326],[-0.31429,51.47305],[-0.31472,51.4734],[-0.31442,51.47297],[-0.316,51.47246],[-0.31625,51.47266],[-0.3162,51.4724],[-0.31905,51.4715],[-0.31907,51.47149],[-0.3202,51.4713],[-0.32145,51.47049],[-0.32253,51.47069],[-0.32249,51.47047],[-0.3215,51.4704],[-0.32223,51.46904],[-0.32177,51.46543],[-0.32259,51.46538],[-0.32323,51.46538],[-0.32333,51.46534],[-0.32345,51.46533],[-0.32351,51.46533],[-0.32404,51.46504],[-0.32482,51.46437],[-0.32516,51.4639],[-0.3253,51.46377],[-0.32606,51.46265],[-0.32678,51.46164],[-0.32686,51.46129],[-0.32688,51.46125],[-0.32689,51.46116],[-0.32665,51.461],[-0.32645,51.46083],[-0.32674,51.46005],[-0.32657,51.46038],[-0.32674,51.46],[-0.32625,51.45979],[-0.32652,51.45931],[-0.32559,51.45808],[-0.32693,51.45701],[-0.32846,51.458],[-0.33037,51.45793],[-0.3314,51.45736],[-0.33303,51.45538],[-0.33362,51.45524],[-0.33369,51.45549],[-0.33627,51.45568],[-0.33698,51.45465],[-0.33751,51.45477],[-0.33774,51.45548],[-0.33855,51.4561],[-0.33895,51.45588],[-0.34064,51.45727],[-0.34011,51.45924],[-0.34172,51.45902],[-0.34274,51.45807],[-0.34529,51.45786],[-0.34602,51.45726],[-0.34857,51.45676],[-0.35281,51.45686],[-0.35348,51.45817],[-0.3555,51.45838],[-0.35985,51.4582],[-0.36264,51.45768],[-0.36442,51.45759],[-0.36503,51.45781],[-0.36784,51.45742],[-0.36844,51.45686],[-0.37244,51.45724],[-0.37269,51.457],[-0.37302,51.45747],[-0.37526,51.45627],[-0.38375,51.44951],[-0.38449,51.44989],[-0.38782,51.44944],[-0.38626,51.44812],[-0.38622,51.44671],[-0.38291,51.4451],[-0.37975,51.44432],[-0.37955,51.4431],[-0.37821,51.44248],[-0.37713,51.44246],[-0.37593,51.44309],[-0.37388,51.44303],[-0.37301,51.44366],[-0.36682,51.44162],[-0.37776,51.43682],[-0.37787,51.43628],[-0.37609,51.43551],[-0.38315,51.43224],[-0.38773,51.42889],[-0.38793,51.42862],[-0.3871,51.42818],[-0.38806,51.42785],[-0.38839,51.428],[-0.38408,51.42269],[-0.38543,51.42063],[-0.39102,51.42315],[-0.39275,51.42344],[-0.39291,51.42328],[-0.39132,51.42232],[-0.39426,51.42319],[-0.39778,51.42355],[-0.40146,51.42336],[-0.40536,51.42248],[-0.40591,51.42267],[-0.40844,51.42383],[-0.40901,51.42545],[-0.41087,51.42734],[-0.41309,51.42786],[-0.41245,51.42878],[-0.41435,51.4293],[-0.41381,51.43008],[-0.4179,51.43103],[-0.41729,51.43192],[-0.41836,51.43187],[-0.41908,51.43236],[-0.42143,51.43209],[-0.42358,51.43116],[-0.4235,51.43088],[-0.42749,51.43082],[-0.42783,51.42925],[-0.42942,51.4294],[-0.42953,51.4288],[-0.43371,51.42917],[-0.43998,51.43063],[-0.43975,51.43462],[-0.44772,51.435],[-0.44629,51.44],[-0.45647,51.43811],[-0.45539,51.44212],[-0.45744,51.443],[-0.45746,51.44909],[-0.46148,51.44899],[-0.46132,51.45239],[-0.45984,51.45224],[-0.45929,51.45272],[-0.45872,51.45634],[-0.45574,51.45523],[-0.45536,51.45528],[-0.45542,51.45562],[-0.45395,51.45545],[-0.45378,51.45485],[-0.44912,51.45381],[-0.44395,51.45329],[-0.44142,51.45678],[-0.435,51.45688],[-0.43479,51.45709],[-0.43658,51.45785],[-0.4336,51.46172],[-0.42192,51.46662],[-0.42028,51.46678],[-0.42021,51.46714],[-0.41113,51.46989],[-0.41136,51.4705],[-0.41287,51.47134],[-0.41474,51.47342],[-0.41577,51.47394],[-0.41489,51.47691],[-0.41675,51.48057],[-0.4164,51.48211],[-0.41692,51.48248],[-0.41621,51.48296],[-0.41473,51.48557],[-0.41397,51.48608],[-0.41459,51.48617],[-0.41454,51.48644],[-0.41393,51.48722],[-0.41331,51.48722],[-0.41263,51.48853],[-0.41148,51.49468],[-0.41054,51.49621],[-0.41082,51.49774],[-0.40969,51.49984],[-0.40922,51.50033],[-0.40692,51.49967],[-0.39202,51.49579],[-0.38658,51.49469],[-0.38323,51.49486],[-0.37788,51.49661],[-0.3779,51.49547],[-0.37582,51.49539],[-0.37381,51.49196],[-0.3725,51.49103],[-0.37192,51.49099],[-0.37185,51.49048],[-0.36791,51.49179],[-0.36835,51.4923],[-0.36579,51.49365],[-0.36536,51.49331],[-0.36373,51.4947],[-0.36312,51.49588],[-0.36188,51.49609],[-0.35805,51.49777],[-0.35062,51.49911],[-0.34971,51.49898],[-0.34228,51.49599],[-0.33479,51.49614],[-0.33159,51.49561],[-0.32995,51.49502],[-0.32735,51.496],[-0.32613,51.495],[-0.32468,51.49599],[-0.3239,51.49572],[-0.32341,51.4959],[-0.31918,51.49422],[-0.31579,51.49591],[-0.31528,51.49555],[-0.31571,51.49535],[-0.31447,51.49436],[-0.31509,51.49396],[-0.31439,51.49346],[-0.31388,51.49361],[-0.31191,51.49197],[-0.30841,51.49357],[-0.30543,51.49454],[-0.30585,51.49618],[-0.30138,51.49519],[-0.30113,51.49441],[-0.29754,51.49488],[-0.29995,51.49786],[-0.30067,51.49933],[-0.29402,51.50156],[-0.28672,51.50067],[-0.28433,51.50121],[-0.28077,51.50285]]]]}},{"type":"Feature","properties":{"name":"Islington","lad24cd":"E09000019"},"geometry":{"type":"Polygon","coordinates":[[[-0.10437,51.56477],[-0.09859,51.56081],[-0.09602,51.56122],[-0.09158,51.56017],[-0.09026,51.55782],[-0.09036,51.55415],[-0.08929,51.55374],[-0.08855,51.55394],[-0.08756,51.55284],[-0.0854,51.55213],[-0.07954,51.55175],[-0.07656,51.54784],[-0.0763,51.54637],[-0.0767,51.54607],[-0.08379,51.54659],[-0.08358,51.54517],[-0.08656,51.5373],[-0.09703,51.533],[-0.0951,51.53008],[-0.09537,51.52921],[-0.08883,51.5275],[-0.08698,51.52577],[-0.08501,51.52624],[-0.08475,51.52543],[-0.08546,51.52454],[-0.08512,51.52446],[-0.0852,51.52394],[-0.08421,51.52393],[-0.08523,51.52035],[-0.0862,51.51881],[-0.08998,51.51997],[-0.08967,51.52072],[-0.09236,51.52104],[-0.0925,51.52147],[-0.09432,51.52148],[-0.09509,51.52311],[-0.09642,51.52283],[-0.09676,51.52331],[-0.09795,51.52287],[-0.09736,51.52178],[-0.09766,51.52071],[-0.10529,51.51855],[-0.107,51.52218],[-0.10824,51.52209],[-0.10897,51.52302],[-0.11229,51.52368],[-0.11363,51.52457],[-0.11424,51.52551],[-0.11292,51.52641],[-0.11545,51.52776],[-0.116,51.52989],[-0.11984,51.53095],[-0.12256,51.53075],[-0.1224,51.53705],[-0.12561,51.54201],[-0.12701,51.54741],[-0.13008,51.54956],[-0.13099,51.55148],[-0.13408,51.55339],[-0.1353,51.55464],[-0.13713,51.55538],[-0.14092,51.56023],[-0.14063,51.56446],[-0.1424,51.56911],[-0.14063,51.56943],[-0.13319,51.57296],[-0.13126,51.57356],[-0.12757,51.57415],[-0.12486,51.57409],[-0.12373,51.57466],[-0.11953,51.57551],[-0.11888,51.57473],[-0.11955,51.57438],[-0.11755,51.57414],[-0.11555,51.57258],[-0.11608,51.57218],[-0.11536,51.57188],[-0.11502,51.57059],[-0.11059,51.56857],[-0.10488,51.56467],[-0.10437,51.56477]]]}},{"type":"Feature","properties":{"name":"Kensington and Chelsea","lad24cd":"E09000020"},"geometry":{"type":"Polygon","coordinates":[[[-0.21602,51.52792],[-0.21554,51.52672],[-0.21296,51.52688],[-0.20642,51.52604],[-0.20397,51.52355],[-0.20163,51.52274],[-0.20062,51.52071],[-0.20265,51.52089],[-0.20374,51.52062],[-0.20145,51.5178],[-0.20077,51.51798],[-0.19997,51.51696],[-0.19917,51.51454],[-0.19505,51.51504],[-0.194,51.5117],[-0.19292,51.51184],[-0.19212,51.50988],[-0.18786,51.51019],[-0.1842,51.50178],[-0.1803,51.50146],[-0.17952,51.49777],[-0.17342,51.49823],[-0.16815,51.49903],[-0.16758,51.49828],[-0.16572,51.49922],[-0.16542,51.49869],[-0.16265,51.50023],[-0.1609,51.50168],[-0.15846,51.50223],[-0.15787,51.499],[-0.15606,51.49778],[-0.15525,51.49505],[-0.15598,51.49446],[-0.15497,51.49383],[-0.15596,51.4932],[-0.15474,51.49197],[-0.1558,51.49146],[-0.15517,51.49004],[-0.15583,51.48961],[-0.15016,51.48604],[-0.15002,51.48546],[-0.15002,51.48546],[-0.16377,51.48364],[-0.16378,51.48364],[-0.17576,51.48162],[-0.17768,51.48035],[-0.17751,51.4801],[-0.17926,51.47799],[-0.18082,51.47792],[-0.18216,51.47739],[-0.18372,51.47743],[-0.18385,51.47743],[-0.18385,51.47744],[-0.19404,51.48622],[-0.19591,51.48737],[-0.19676,51.48732],[-0.19856,51.48839],[-0.20229,51.49156],[-0.20183,51.49185],[-0.20301,51.49332],[-0.20733,51.49615],[-0.20795,51.49603],[-0.2105,51.49835],[-0.21418,51.50083],[-0.21798,51.50614],[-0.21594,51.5064],[-0.21612,51.50752],[-0.2152,51.50765],[-0.21581,51.50915],[-0.21645,51.50911],[-0.21719,51.5104],[-0.21804,51.51022],[-0.21785,51.50975],[-0.21932,51.50955],[-0.2226,51.51564],[-0.22828,51.5211],[-0.2267,51.52194],[-0.22657,51.52463],[-0.22723,51.52478],[-0.22743,51.528],[-0.22873,51.52991],[-0.22844,51.53032],[-0.22756,51.53015],[-0.22766,51.52991],[-0.22543,51.53016],[-0.22373,51.52995],[-0.21779,51.5286],[-0.21602,51.52792]]]}},{"type":"Feature","properties":{"name":"Kingston upon Thames","lad24cd":"E09000021"},"geometry":{"type":"Polygon","coordinates":[[[-0.25109,51.43256],[-0.25244,51.43121],[-0.25331,51.43084],[-0.25424,51.4293],[-0.25224,51.4257],[-0.25293,51.42321],[-0.25116,51.42239],[-0.24965,51.41857],[-0.24959,51.41491],[-0.24718,51.40967],[-0.24748,51.40848],[-0.24702,51.40785],[-0.24582,51.40756],[-0.24534,51.40707],[-0.24552,51.40664],[-0.24468,51.40429],[-0.24517,51.40184],[-0.24682,51.40051],[-0.24673,51.39862],[-0.24741,51.39757],[-0.24467,51.39472],[-0.24171,51.3939],[-0.24009,51.39119],[-0.23969,51.38927],[-0.23873,51.38609],[-0.24164,51.38449],[-0.24323,51.3826],[-0.24428,51.38307],[-0.24503,51.38006],[-0.24847,51.38006],[-0.25186,51.37896],[-0.25388,51.37875],[-0.25821,51.37892],[-0.261,51.37959],[-0.26227,51.37741],[-0.26466,51.37559],[-0.26882,51.37362],[-0.27214,51.37247],[-0.27346,51.37161],[-0.27402,51.37066],[-0.27583,51.37001],[-0.27656,51.36881],[-0.28014,51.36765],[-0.28216,51.366],[-0.28544,51.36425],[-0.2872,51.36254],[-0.28847,51.36213],[-0.28521,51.36119],[-0.287,51.35941],[-0.28901,51.35874],[-0.2912,51.35658],[-0.29133,51.35509],[-0.2927,51.35366],[-0.29288,51.35235],[-0.29923,51.34837],[-0.30138,51.3453],[-0.3041,51.34313],[-0.30539,51.3395],[-0.30501,51.33676],[-0.30619,51.33508],[-0.30761,51.33461],[-0.31093,51.33239],[-0.31369,51.33141],[-0.31674,51.32915],[-0.31958,51.32774],[-0.32175,51.32742],[-0.32424,51.32665],[-0.32714,51.3267],[-0.32741,51.32629],[-0.33012,51.32752],[-0.33066,51.32901],[-0.32909,51.33026],[-0.3297,51.33276],[-0.32896,51.34023],[-0.32788,51.34374],[-0.32746,51.34401],[-0.32815,51.34404],[-0.33051,51.34842],[-0.32795,51.35221],[-0.32373,51.35441],[-0.31993,51.35963],[-0.31826,51.3635],[-0.3185,51.36619],[-0.31801,51.37029],[-0.31693,51.37292],[-0.31432,51.37464],[-0.30867,51.37545],[-0.30797,51.37666],[-0.30787,51.37836],[-0.30737,51.37838],[-0.30849,51.3805],[-0.30925,51.38045],[-0.3095,51.38243],[-0.31064,51.38482],[-0.31174,51.38576],[-0.31081,51.3862],[-0.31166,51.38741],[-0.31323,51.38872],[-0.31599,51.38757],[-0.31679,51.38857],[-0.31411,51.39022],[-0.3177,51.39367],[-0.31293,51.39706],[-0.31185,51.39851],[-0.30964,51.39997],[-0.30879,51.40192],[-0.30904,51.40934],[-0.30842,51.41462],[-0.30593,51.42126],[-0.30671,51.42305],[-0.30847,51.4251],[-0.31126,51.42687],[-0.31443,51.42825],[-0.3129,51.43026],[-0.31065,51.43221],[-0.30976,51.43214],[-0.30807,51.43107],[-0.30854,51.43078],[-0.30688,51.43015],[-0.30641,51.43016],[-0.30592,51.43136],[-0.30175,51.43039],[-0.30208,51.43116],[-0.30159,51.43143],[-0.29768,51.42868],[-0.29548,51.42766],[-0.29543,51.42704],[-0.29472,51.427],[-0.29479,51.42644],[-0.29339,51.4265],[-0.29301,51.42894],[-0.29062,51.42899],[-0.28656,51.42019],[-0.2804,51.42189],[-0.27091,51.42956],[-0.26455,51.43291],[-0.25626,51.43637],[-0.25619,51.43665],[-0.25407,51.43729],[-0.25309,51.43528],[-0.25128,51.43423],[-0.25109,51.43256]]]}},{"type":"Feature","properties":{"name":"Lambeth","lad24cd":"E09000022"},"geometry":{"type":"Polygon","coordinates":[[[-0.10886,51.50843],[-0.10871,51.50777],[-0.10817,51.50692],[-0.10734,51.50707],[-0.10644,51.50492],[-0.1064,51.50337],[-0.10739,51.50304],[-0.10676,51.50221],[-0.10608,51.50252],[-0.10592,51.50203],[-0.10824,51.50047],[-0.11026,51.49676],[-0.11147,51.49646],[-0.11093,51.49547],[-0.10485,51.49353],[-0.10392,51.49195],[-0.10315,51.49149],[-0.10389,51.49034],[-0.10846,51.48585],[-0.10636,51.4849],[-0.10719,51.48365],[-0.10561,51.48294],[-0.10602,51.4827],[-0.10403,51.4809],[-0.10822,51.48031],[-0.09997,51.47686],[-0.1006,51.47431],[-0.09899,51.47201],[-0.09598,51.46987],[-0.09414,51.47067],[-0.09302,51.47212],[-0.09272,51.46979],[-0.09004,51.46607],[-0.09066,51.46332],[-0.09222,51.46108],[-0.09495,51.45879],[-0.09581,51.45742],[-0.10099,51.45403],[-0.10138,51.45192],[-0.10076,51.45034],[-0.09996,51.45027],[-0.09913,51.44897],[-0.09616,51.44684],[-0.09513,51.44553],[-0.09448,51.44333],[-0.09102,51.43755],[-0.08834,51.42952],[-0.08781,51.42906],[-0.08588,51.42847],[-0.08608,51.42782],[-0.08517,51.42728],[-0.0837,51.42509],[-0.08346,51.423],[-0.08173,51.42338],[-0.08088,51.42186],[-0.07984,51.42214],[-0.07891,51.42157],[-0.07922,51.42087],[-0.07829,51.4206],[-0.07856,51.41987],[-0.08322,51.41974],[-0.08637,51.4193],[-0.08834,51.42001],[-0.09245,51.42245],[-0.09376,51.42277],[-0.10596,51.42259],[-0.10926,51.42318],[-0.11263,51.42324],[-0.11559,51.42063],[-0.11981,51.4188],[-0.12249,51.41503],[-0.12408,51.4146],[-0.12445,51.41337],[-0.12577,51.41263],[-0.12624,51.41293],[-0.12772,51.41232],[-0.12788,51.412],[-0.13268,51.41235],[-0.13356,51.41258],[-0.1335,51.41294],[-0.13408,51.41099],[-0.13799,51.41177],[-0.1426,51.41335],[-0.14479,51.41239],[-0.14806,51.41287],[-0.14713,51.41376],[-0.14431,51.41534],[-0.14498,51.41579],[-0.14036,51.41926],[-0.13779,51.42111],[-0.13887,51.42434],[-0.13838,51.43056],[-0.13525,51.43034],[-0.13646,51.43388],[-0.13788,51.43378],[-0.13852,51.43431],[-0.13963,51.43535],[-0.13996,51.43685],[-0.13766,51.43859],[-0.13746,51.4402],[-0.13698,51.44025],[-0.13589,51.44198],[-0.13798,51.44169],[-0.14361,51.44184],[-0.14566,51.44585],[-0.14481,51.44844],[-0.14312,51.44971],[-0.14229,51.45098],[-0.1477,51.45234],[-0.14735,51.45296],[-0.14829,51.45725],[-0.14938,51.45936],[-0.14971,51.46135],[-0.15073,51.46294],[-0.15121,51.46586],[-0.15055,51.46595],[-0.15054,51.46763],[-0.14312,51.47051],[-0.1427,51.47008],[-0.14042,51.47153],[-0.13998,51.47126],[-0.13931,51.47153],[-0.13949,51.47179],[-0.13833,51.47196],[-0.1369,51.47309],[-0.13579,51.47271],[-0.13459,51.47341],[-0.13445,51.47396],[-0.13521,51.47429],[-0.13494,51.47471],[-0.13408,51.47531],[-0.12994,51.48117],[-0.12748,51.48201],[-0.12706,51.48358],[-0.12631,51.48447],[-0.12815,51.48473],[-0.12851,51.48504],[-0.1285,51.48505],[-0.12845,51.48506],[-0.127,51.48582],[-0.12572,51.48701],[-0.12489,51.48786],[-0.1242,51.48785],[-0.12212,51.4919],[-0.12173,51.49315],[-0.12135,51.49437],[-0.11938,51.50381],[-0.11936,51.50385],[-0.11823,51.50583],[-0.11684,51.50695],[-0.11512,51.50766],[-0.111,51.50849],[-0.11069,51.50824],[-0.10891,51.50842],[-0.10886,51.50843]]]}},{"type":"Feature","properties":{"name":"Lewisham","lad24cd":"E09000023"},"geometry":{"type":"MultiPolygon","coordinates":[[[[-0.01893,51.47845],[-0.01904,51.47766],[-0.01907,51.4781],[-0.01908,51.47821],[-0.01893,51.47845]]],[[[-0.03238,51.49305],[-0.02939,51.48894],[-0.02945,51.48855],[-0.02911,51.48862],[-0.02755,51.48722],[-0.02482,51.48553],[-0.02472,51.48548],[-0.02471,51.48548],[-0.02517,51.48502],[-0.02578,51.48211],[-0.02637,51.4815],[-0.02328,51.48078],[-0.02304,51.47967],[-0.02031,51.47991],[-0.0204,51.48022],[-0.01799,51.48086],[-0.01711,51.48039],[-0.01917,51.47965],[-0.01942,51.47801],[-0.01984,51.47805],[-0.01929,51.47762],[-0.01939,51.47719],[-0.02005,51.47713],[-0.02056,51.47672],[-0.02059,51.47671],[-0.0206,51.47669],[-0.02112,51.47627],[-0.0228,51.47593],[-0.02092,51.47613],[-0.02095,51.47568],[-0.02253,51.47559],[-0.02226,51.47546],[-0.02268,51.47537],[-0.02256,51.47536],[-0.02251,51.47535],[-0.02286,51.47531],[-0.0228,51.47436],[-0.01997,51.473],[-0.02031,51.47231],[-0.0193,51.47204],[-0.01866,51.47069],[-0.01924,51.47051],[-0.01911,51.47001],[-0.01689,51.46907],[-0.01656,51.46926],[-0.01506,51.46804],[-0.01311,51.46894],[-0.01515,51.47175],[-0.01453,51.4719],[-0.01405,51.47267],[-0.01256,51.47234],[-0.00823,51.47276],[-0.0009,51.4718],[0.01796,51.47383],[0.015,51.47308],[0.01553,51.47132],[0.0167,51.4695],[0.01654,51.46913],[0.01636,51.46897],[0.01436,51.46975],[0.01261,51.46981],[0.01309,51.46815],[0.0127,51.4674],[0.01327,51.46684],[0.01154,51.46624],[0.00909,51.46587],[0.00996,51.4594],[0.01154,51.45661],[0.01404,51.45573],[0.01755,51.45503],[0.01835,51.45158],[0.01956,51.45171],[0.01989,51.45073],[0.01513,51.45021],[0.01493,51.45061],[0.0151,51.45001],[0.02214,51.44874],[0.02295,51.4472],[0.02124,51.4467],[0.02152,51.44444],[0.02062,51.44421],[0.02151,51.44273],[0.02558,51.44172],[0.02789,51.44152],[0.02938,51.44171],[0.02859,51.4404],[0.02882,51.43877],[0.02478,51.43821],[0.0253,51.43598],[0.02544,51.43567],[0.02718,51.43653],[0.02869,51.43641],[0.02909,51.43467],[0.02859,51.43403],[0.03141,51.43258],[0.03116,51.43209],[0.03161,51.43256],[0.03249,51.43189],[0.03326,51.43223],[0.03374,51.4317],[0.03771,51.43334],[0.03754,51.43137],[0.03836,51.42828],[0.03784,51.4278],[0.03847,51.42758],[0.03906,51.42469],[0.03628,51.42242],[0.02546,51.42897],[0.02112,51.42682],[0.01875,51.42706],[0.01598,51.42619],[0.01412,51.42617],[0.01442,51.42522],[0.01354,51.4251],[0.01337,51.42468],[0.01188,51.42409],[0.00998,51.42248],[0.00811,51.42304],[0.00739,51.4214],[0.00686,51.4215],[0.00673,51.42094],[0.00631,51.42103],[0.00522,51.41936],[0.00567,51.41853],[0.00353,51.41743],[0.00174,51.41859],[-0.00012,51.41758],[-0.00073,51.41591],[-0.00339,51.41565],[-0.00328,51.41504],[-0.00497,51.4146],[-0.00558,51.41582],[-0.00655,51.41598],[-0.00659,51.41466],[-0.0084,51.41436],[-0.01031,51.41358],[-0.01424,51.41365],[-0.01454,51.41393],[-0.01427,51.41516],[-0.01797,51.41506],[-0.0178,51.41574],[-0.02073,51.41595],[-0.02147,51.41631],[-0.02217,51.41674],[-0.0217,51.41728],[-0.02256,51.41756],[-0.0214,51.41834],[-0.02076,51.41995],[-0.02165,51.42044],[-0.02093,51.42093],[-0.02224,51.42178],[-0.02257,51.42156],[-0.02434,51.42312],[-0.03022,51.42568],[-0.03197,51.42554],[-0.03179,51.42471],[-0.03421,51.42475],[-0.0342,51.42511],[-0.03747,51.42498],[-0.03845,51.42396],[-0.04092,51.42428],[-0.04157,51.42365],[-0.04381,51.42315],[-0.04368,51.42289],[-0.04625,51.42237],[-0.04599,51.4228],[-0.05175,51.42252],[-0.0518,51.42357],[-0.05241,51.42361],[-0.05474,51.42373],[-0.05514,51.42294],[-0.05675,51.42296],[-0.0581,51.42317],[-0.06258,51.42519],[-0.06441,51.42532],[-0.06455,51.42506],[-0.06581,51.42533],[-0.06602,51.42507],[-0.06789,51.42593],[-0.06866,51.42599],[-0.0689,51.42563],[-0.07094,51.42624],[-0.07391,51.42621],[-0.07508,51.42898],[-0.07486,51.42984],[-0.07271,51.43231],[-0.06942,51.43274],[-0.06681,51.43388],[-0.06585,51.43463],[-0.06439,51.43705],[-0.0634,51.43757],[-0.06405,51.44084],[-0.06503,51.44116],[-0.06406,51.44201],[-0.06344,51.44526],[-0.0618,51.44779],[-0.05756,51.45034],[-0.05386,51.44869],[-0.049,51.45011],[-0.04609,51.44986],[-0.04164,51.455],[-0.04457,51.45658],[-0.04613,51.45695],[-0.0451,51.46043],[-0.04569,51.46352],[-0.04655,51.46459],[-0.04852,51.46563],[-0.04818,51.46589],[-0.05081,51.46665],[-0.05054,51.46679],[-0.0513,51.46737],[-0.05085,51.46758],[-0.05227,51.46923],[-0.05166,51.46972],[-0.05274,51.47297],[-0.05269,51.47801],[-0.05431,51.47862],[-0.0531,51.48093],[-0.05278,51.48273],[-0.05306,51.48504],[-0.05353,51.48568],[-0.05293,51.486],[-0.05285,51.48668],[-0.05397,51.48794],[-0.05259,51.48755],[-0.05235,51.4878],[-0.05047,51.48792],[-0.05007,51.48833],[-0.05194,51.48911],[-0.05124,51.48954],[-0.04654,51.49067],[-0.04653,51.49035],[-0.04579,51.49021],[-0.04475,51.4904],[-0.04441,51.49009],[-0.04245,51.49001],[-0.04248,51.49025],[-0.04028,51.49105],[-0.04102,51.49183],[-0.04003,51.49218],[-0.04049,51.4928],[-0.04003,51.49293],[-0.03906,51.49292],[-0.03736,51.49222],[-0.03239,51.49309],[-0.03239,51.49309],[-0.03238,51.49305]]]]}},{"type":"Feature","properties":{"name":"Merton","lad24cd":"E09000024"},"geometry":{"type":"Polygon","coordinates":[[[-0.14036,51.41926],[-0.14498,51.41579],[-0.14431,51.41534],[-0.14713,51.41376],[-0.14806,51.41287],[-0.14479,51.41239],[-0.1426,51.41335],[-0.13799,51.41177],[-0.13408,51.41099],[-0.1335,51.41294],[-0.13356,51.41258],[-0.13268,51.41235],[-0.12788,51.412],[-0.12772,51.41232],[-0.12817,51.41094],[-0.12849,51.41099],[-0.12946,51.40957],[-0.13208,51.4092],[-0.1323,51.40681],[-0.13128,51.40426],[-0.13045,51.40327],[-0.12797,51.40168],[-0.12616,51.39987],[-0.12533,51.39894],[-0.12568,51.39832],[-0.12465,51.3981],[-0.12414,51.39761],[-0.12965,51.39365],[-0.12873,51.3935],[-0.13432,51.39085],[-0.13484,51.39096],[-0.14185,51.3893],[-0.14323,51.39042],[-0.14436,51.39067],[-0.15803,51.38925],[-0.15827,51.38882],[-0.15987,51.38851],[-0.16096,51.38782],[-0.16183,51.38814],[-0.16521,51.38797],[-0.16639,51.38966],[-0.16747,51.39],[-0.17119,51.39246],[-0.17292,51.39268],[-0.17481,51.39341],[-0.17984,51.38948],[-0.18274,51.38804],[-0.18451,51.38751],[-0.1884,51.38543],[-0.19049,51.3862],[-0.19029,51.38637],[-0.1911,51.38688],[-0.19161,51.38712],[-0.19185,51.38691],[-0.19314,51.38783],[-0.19348,51.38765],[-0.19384,51.38791],[-0.2003,51.38494],[-0.20341,51.38725],[-0.20507,51.38614],[-0.20978,51.3883],[-0.21336,51.38505],[-0.21294,51.38485],[-0.21374,51.38404],[-0.21808,51.38018],[-0.22088,51.38106],[-0.22772,51.38397],[-0.23371,51.38761],[-0.2346,51.39057],[-0.23969,51.38927],[-0.24009,51.39119],[-0.24171,51.3939],[-0.24467,51.39472],[-0.24741,51.39757],[-0.24673,51.39862],[-0.24682,51.40051],[-0.24517,51.40184],[-0.24468,51.40429],[-0.24552,51.40664],[-0.24534,51.40707],[-0.24582,51.40756],[-0.24702,51.40785],[-0.24748,51.40848],[-0.24718,51.40967],[-0.24959,51.41491],[-0.24965,51.41857],[-0.25116,51.42239],[-0.25293,51.42321],[-0.25224,51.4257],[-0.25424,51.4293],[-0.25331,51.43084],[-0.25244,51.43121],[-0.25109,51.43256],[-0.24142,51.43502],[-0.23124,51.43816],[-0.22566,51.43873],[-0.2244,51.43861],[-0.22431,51.43887],[-0.22063,51.43846],[-0.21782,51.43869],[-0.21659,51.43837],[-0.2157,51.43774],[-0.21253,51.43783],[-0.20424,51.43897],[-0.19003,51.44146],[-0.18974,51.44006],[-0.19064,51.43892],[-0.18922,51.43854],[-0.18924,51.43827],[-0.19025,51.4348],[-0.19116,51.43355],[-0.19104,51.43303],[-0.18977,51.43135],[-0.1884,51.43209],[-0.1874,51.4321],[-0.18727,51.43299],[-0.18573,51.43317],[-0.18415,51.43121],[-0.18456,51.4282],[-0.18418,51.42658],[-0.18194,51.42473],[-0.17762,51.42416],[-0.17357,51.42318],[-0.16926,51.42124],[-0.16483,51.42036],[-0.16471,51.42007],[-0.1616,51.41986],[-0.16033,51.42191],[-0.15992,51.42197],[-0.15988,51.42261],[-0.15139,51.41987],[-0.15034,51.42008],[-0.14942,51.41989],[-0.14445,51.41775],[-0.14036,51.41926]]]}},{"type":"Feature","properties":{"name":"Newham","lad24cd":"E09000025"},"geometry":{"type":"MultiPolygon","coordinates":[[[[0.07565,51.52982],[0.07568,51.5297],[0.07495,51.52973],[0.07468,51.52967],[0.07459,51.52969],[0.07457,51.52969],[0.07457,51.52969],[0.07538,51.52988],[0.07565,51.52982]]],[[[0.05566,51.55935],[0.05631,51.55859],[0.05696,51.55867],[0.0572,51.558],[0.05826,51.55788],[0.0587,51.55722],[0.06015,51.55641],[0.06365,51.55728],[0.06604,51.55547],[0.06693,51.55328],[0.06778,51.55327],[0.06871,51.54746],[0.06836,51.54439],[0.0668,51.54161],[0.06686,51.53986],[0.06891,51.53719],[0.06827,51.53699],[0.06796,51.5362],[0.06951,51.53628],[0.07194,51.53295],[0.07275,51.52927],[0.07351,51.52945],[0.07348,51.52944],[0.07333,51.52941],[0.07328,51.5292],[0.07518,51.52951],[0.07799,51.52912],[0.07851,51.52881],[0.07796,51.52861],[0.07753,51.52885],[0.07761,51.52849],[0.07885,51.52844],[0.08011,51.52751],[0.08012,51.5275],[0.08309,51.52661],[0.0852,51.52558],[0.08649,51.5256],[0.08886,51.52623],[0.08968,51.52558],[0.09131,51.52564],[0.09144,51.52557],[0.09209,51.52562],[0.09225,51.52414],[0.0907,51.52394],[0.09178,51.52356],[0.09182,51.52255],[0.09446,51.5203],[0.09394,51.51897],[0.09477,51.51649],[0.09559,51.51576],[0.0969,51.51531],[0.0966,51.51508],[0.09561,51.51546],[0.094,51.51498],[0.09026,51.5148],[0.09053,51.5143],[0.08807,51.51367],[0.08484,51.51237],[0.08332,51.51152],[0.08368,51.51097],[0.081,51.5086],[0.08025,51.5084],[0.07931,51.50706],[0.07798,51.50515],[0.07689,51.50496],[0.07666,51.50492],[0.0778,51.50458],[0.07823,51.50438],[0.07815,51.50398],[0.07776,51.50454],[0.07684,51.50383],[0.07625,51.50384],[0.07666,51.50346],[0.07526,51.50226],[0.07396,51.50212],[0.07466,51.5016],[0.07385,51.50059],[0.07367,51.50036],[0.06969,51.49919],[0.06883,51.49915],[0.06875,51.49935],[0.06866,51.49907],[0.06012,51.49836],[0.05761,51.49845],[0.04931,51.49956],[0.04347,51.49991],[0.03892,51.49977],[0.03496,51.49964],[0.0268,51.49862],[0.02465,51.49862],[0.02246,51.49912],[0.02236,51.4989],[0.01968,51.49964],[0.01713,51.501],[0.01654,51.50159],[0.0157,51.50244],[0.0155,51.50264],[0.01517,51.50251],[0.01464,51.50298],[0.01486,51.50324],[0.01447,51.50316],[0.01308,51.50445],[0.01334,51.50484],[0.01341,51.50493],[0.01203,51.50528],[0.00969,51.50684],[0.01047,51.50858],[0.00983,51.50917],[0.00657,51.51003],[0.00663,51.51011],[0.00818,51.51254],[0.00812,51.51334],[0.00721,51.51437],[0.00632,51.51461],[0.00514,51.51418],[0.00428,51.51341],[0.00371,51.51104],[0.00257,51.51097],[0.00439,51.5147],[0.00438,51.51471],[0.00315,51.51583],[-0.00254,51.51848],[-0.00248,51.5182],[-0.00404,51.51789],[-0.00512,51.51692],[-0.00656,51.51896],[-0.00855,51.52005],[-0.00866,51.52076],[-0.00722,51.52282],[-0.00652,51.52565],[-0.00651,51.52568],[-0.00209,51.52703],[0.00066,51.52831],[0.00087,51.52927],[0.00182,51.53032],[0.00111,51.53109],[-0.00078,51.52814],[-0.0023,51.52716],[-0.0038,51.52696],[-0.00389,51.52826],[-0.00431,51.52788],[-0.00419,51.52687],[-0.00493,51.52645],[-0.00645,51.52632],[-0.00697,51.52709],[-0.00798,51.52723],[-0.00694,51.52606],[-0.00714,51.52554],[-0.00715,51.5255],[-0.00786,51.52303],[-0.00786,51.52303],[-0.00788,51.523],[-0.00813,51.52364],[-0.00756,51.52628],[-0.00864,51.52756],[-0.01027,51.52848],[-0.01076,51.52933],[-0.01386,51.5299],[-0.01738,51.53146],[-0.01822,51.53247],[-0.01802,51.53337],[-0.01895,51.53414],[-0.01934,51.53519],[-0.02113,51.53651],[-0.02105,51.53735],[-0.01945,51.53825],[-0.01889,51.53934],[-0.01786,51.54017],[-0.0177,51.54096],[-0.01657,51.54143],[-0.01609,51.54248],[-0.01655,51.54333],[-0.01746,51.5476],[-0.01894,51.55053],[-0.01898,51.5516],[-0.01717,51.55158],[-0.01692,51.5514],[-0.01058,51.55266],[-0.00944,51.5522],[-0.0086,51.54991],[-0.00379,51.55116],[-0.00358,51.55091],[-0.0008,51.55165],[0.00332,51.5521],[0.00388,51.5518],[0.00575,51.55186],[0.00579,51.55066],[0.00957,51.55125],[0.01083,51.55224],[0.00964,51.55341],[0.01114,51.55439],[0.01163,51.55391],[0.01464,51.55496],[0.01628,51.55319],[0.01676,51.55338],[0.01699,51.55315],[0.02152,51.55489],[0.02047,51.55613],[0.02258,51.55609],[0.02271,51.5567],[0.02339,51.55679],[0.02379,51.55552],[0.02537,51.55555],[0.02552,51.55404],[0.03227,51.55459],[0.03547,51.55526],[0.04627,51.55483],[0.04431,51.55762],[0.04294,51.55836],[0.04203,51.56149],[0.05034,51.56402],[0.05156,51.56217],[0.0541,51.56084],[0.05444,51.55963],[0.05566,51.55935]]]]}},{"type":"Feature","properties":{"name":"Redbridge","lad24cd":"E09000026"},"geometry":{"type":"Polygon","coordinates":[[[0.02182,51.62883],[0.02459,51.62752],[0.02683,51.62591],[0.02908,51.62512],[0.02894,51.62468],[0.03073,51.62364],[0.03052,51.62329],[0.0315,51.62309],[0.0327,51.62234],[0.03748,51.61833],[0.03755,51.6179],[0.04021,51.61641],[0.04001,51.6161],[0.0409,51.61568],[0.04219,51.61651],[0.04414,51.61705],[0.04786,51.61741],[0.0531,51.61842],[0.05367,51.61828],[0.05445,51.61761],[0.05417,51.61668],[0.05327,51.61634],[0.05191,51.6169],[0.05015,51.61642],[0.04843,51.61493],[0.04857,51.61385],[0.04803,51.61323],[0.04887,51.61358],[0.06034,51.60845],[0.06262,51.60704],[0.06396,51.60724],[0.06597,51.60632],[0.07287,51.60467],[0.0767,51.60631],[0.07937,51.60704],[0.08444,51.60634],[0.08714,51.60442],[0.08884,51.60486],[0.08919,51.60542],[0.09254,51.60619],[0.09173,51.60741],[0.09194,51.60823],[0.09264,51.60942],[0.09391,51.60984],[0.0942,51.61067],[0.09477,51.61082],[0.09357,51.61252],[0.09228,51.61357],[0.09807,51.61542],[0.10019,51.61273],[0.10341,51.61345],[0.10384,51.61255],[0.10963,51.61396],[0.11671,51.61692],[0.11861,51.61537],[0.11931,51.61537],[0.1242,51.61751],[0.1261,51.61964],[0.12884,51.62067],[0.12919,51.6214],[0.13581,51.62355],[0.13818,51.62355],[0.14437,51.6168],[0.14551,51.61453],[0.14754,51.61222],[0.1487,51.6087],[0.14862,51.60444],[0.14951,51.6029],[0.14821,51.59897],[0.1466,51.59944],[0.1376,51.59389],[0.12957,51.59005],[0.13102,51.58752],[0.12639,51.58673],[0.12726,51.58393],[0.12766,51.58388],[0.12809,51.58283],[0.12776,51.58164],[0.13256,51.58131],[0.13357,51.57995],[0.13082,51.57937],[0.13164,51.57709],[0.12919,51.57631],[0.12944,51.57394],[0.1301,51.57306],[0.13091,51.57334],[0.13158,51.57182],[0.12991,51.57154],[0.13046,51.57028],[0.12969,51.56881],[0.12931,51.56647],[0.12778,51.56621],[0.12473,51.56419],[0.11905,51.56305],[0.11888,51.56273],[0.11975,51.56251],[0.11749,51.55918],[0.12049,51.55857],[0.1189,51.55737],[0.11709,51.55742],[0.11708,51.55691],[0.11327,51.55727],[0.11274,51.55653],[0.11475,51.55533],[0.11235,51.5535],[0.11195,51.55267],[0.11114,51.55248],[0.10842,51.5527],[0.1083,51.55207],[0.10741,51.55198],[0.10432,51.54984],[0.09977,51.54843],[0.09352,51.54586],[0.09227,51.54864],[0.09261,51.54965],[0.0917,51.54911],[0.09154,51.5483],[0.08602,51.54739],[0.08166,51.54558],[0.08151,51.54517],[0.07796,51.54405],[0.07749,51.54457],[0.07703,51.54438],[0.07681,51.54458],[0.07555,51.54401],[0.07196,51.54381],[0.07181,51.54356],[0.06971,51.54407],[0.06967,51.54645],[0.06898,51.54898],[0.06946,51.55038],[0.06861,51.55138],[0.06798,51.5543],[0.06601,51.55679],[0.06595,51.55683],[0.06595,51.55683],[0.06428,51.55783],[0.06422,51.55786],[0.06326,51.55825],[0.06258,51.5582],[0.0624,51.55818],[0.06193,51.55812],[0.06095,51.55848],[0.05806,51.56075],[0.0574,51.56085],[0.06073,51.55842],[0.06188,51.558],[0.06257,51.55807],[0.06272,51.55808],[0.06407,51.55782],[0.06412,51.55779],[0.0658,51.55677],[0.0658,51.55677],[0.06587,51.55672],[0.06758,51.55466],[0.06833,51.55143],[0.06925,51.55029],[0.06872,51.54902],[0.06942,51.54633],[0.06934,51.54415],[0.06836,51.54439],[0.06871,51.54746],[0.06778,51.55327],[0.06693,51.55328],[0.06604,51.55547],[0.06365,51.55728],[0.06015,51.55641],[0.0587,51.55722],[0.05826,51.55788],[0.0572,51.558],[0.05696,51.55867],[0.05631,51.55859],[0.05566,51.55935],[0.05444,51.55963],[0.0541,51.56084],[0.05156,51.56217],[0.05034,51.56402],[0.04203,51.56149],[0.04294,51.55836],[0.04431,51.55762],[0.04627,51.55483],[0.03547,51.55526],[0.03227,51.55459],[0.02552,51.55404],[0.02537,51.55555],[0.02379,51.55552],[0.02339,51.55679],[0.02271,51.5567],[0.02258,51.55609],[0.02047,51.55613],[0.01714,51.55884],[0.01482,51.55943],[0.01438,51.56079],[0.01446,51.56562],[0.01758,51.56566],[0.01868,51.56613],[0.019,51.56698],[0.01768,51.57001],[0.01828,51.57014],[0.01913,51.56982],[0.01892,51.57232],[0.01805,51.57204],[0.01638,51.57292],[0.01738,51.57437],[0.01751,51.57739],[0.01535,51.58164],[0.0157,51.58184],[0.01533,51.58247],[0.01554,51.58335],[0.01416,51.58338],[0.01341,51.58378],[0.0121,51.59269],[0.01301,51.59921],[0.01819,51.60599],[0.01915,51.60779],[0.01958,51.60761],[0.01928,51.60825],[0.02071,51.61045],[0.02112,51.61052],[0.02144,51.6118],[0.0163,51.61684],[0.00869,51.61907],[0.01454,51.61889],[0.01473,51.61976],[0.01427,51.62028],[0.01591,51.62095],[0.01623,51.62177],[0.01705,51.62199],[0.01706,51.62236],[0.01771,51.62234],[0.01847,51.62279],[0.01885,51.62326],[0.01849,51.62351],[0.01907,51.62367],[0.01878,51.62409],[0.01912,51.62505],[0.02008,51.62623],[0.01994,51.62702],[0.02058,51.62734],[0.02066,51.62827],[0.02113,51.62835],[0.02092,51.62879],[0.02137,51.62902],[0.02182,51.62883]]]}},{"type":"Feature","properties":{"name":"Richmond upon Thames","lad24cd":"E09000027"},"geometry":{"type":"MultiPolygon","coordinates":[[[[-0.33119,51.43957],[-0.33067,51.43889],[-0.33148,51.43935],[-0.33119,51.43957]]],[[[-0.32176,51.44583],[-0.32506,51.44478],[-0.32549,51.44504],[-0.32514,51.44475],[-0.32807,51.44397],[-0.32717,51.44495],[-0.32579,51.44572],[-0.32452,51.44575],[-0.32382,51.44606],[-0.32333,51.44582],[-0.32337,51.44604],[-0.32175,51.44624],[-0.32091,51.44613],[-0.32176,51.44583]]],[[[-0.30874,51.45816],[-0.30845,51.45779],[-0.30992,51.45852],[-0.30874,51.45816]]],[[[-0.32644,51.46086],[-0.32645,51.46083],[-0.32665,51.461],[-0.32644,51.46086]]],[[[-0.32572,51.46312],[-0.32606,51.46265],[-0.3253,51.46377],[-0.32516,51.4639],[-0.32521,51.46384],[-0.32531,51.46369],[-0.32555,51.46335],[-0.32572,51.46312]]],[[[-0.3229,51.46537],[-0.32333,51.46534],[-0.32323,51.46538],[-0.32259,51.46538],[-0.3229,51.46537]]],[[[-0.29479,51.48598],[-0.29742,51.48457],[-0.29641,51.48561],[-0.29479,51.48598]]],[[[-0.29395,51.4862],[-0.29453,51.48609],[-0.29433,51.4863],[-0.29188,51.48703],[-0.28989,51.48717],[-0.29395,51.4862]]],[[[-0.22487,51.47368],[-0.22292,51.47184],[-0.22371,51.47159],[-0.22343,51.47149],[-0.22341,51.4715],[-0.22338,51.47151],[-0.22334,51.47093],[-0.22376,51.47074],[-0.22695,51.4714],[-0.23097,51.4728],[-0.23273,51.47251],[-0.23348,51.468],[-0.23287,51.46663],[-0.23364,51.46595],[-0.23329,51.46397],[-0.24336,51.46522],[-0.25295,51.46522],[-0.25619,51.46283],[-0.25798,51.46034],[-0.2568,51.45982],[-0.25847,51.45704],[-0.25911,51.45495],[-0.24729,51.4492],[-0.2416,51.44312],[-0.24272,51.44191],[-0.25407,51.43729],[-0.25619,51.43665],[-0.25626,51.43637],[-0.26455,51.43291],[-0.27091,51.42956],[-0.2804,51.42189],[-0.28656,51.42019],[-0.29062,51.42899],[-0.29301,51.42894],[-0.29339,51.4265],[-0.29479,51.42644],[-0.29472,51.427],[-0.29543,51.42704],[-0.29548,51.42766],[-0.29768,51.42868],[-0.30159,51.43143],[-0.30208,51.43116],[-0.30175,51.43039],[-0.30592,51.43136],[-0.30641,51.43016],[-0.30688,51.43015],[-0.30854,51.43078],[-0.30807,51.43107],[-0.30976,51.43214],[-0.31065,51.43221],[-0.3129,51.43026],[-0.31443,51.42825],[-0.31126,51.42687],[-0.30847,51.4251],[-0.30671,51.42305],[-0.30593,51.42126],[-0.30842,51.41462],[-0.30904,51.40934],[-0.30879,51.40192],[-0.30964,51.39997],[-0.31185,51.39851],[-0.31293,51.39706],[-0.3177,51.39367],[-0.31983,51.39259],[-0.32459,51.3915],[-0.32597,51.39144],[-0.32782,51.39184],[-0.33013,51.39348],[-0.33237,51.39606],[-0.33729,51.3997],[-0.34029,51.40295],[-0.34137,51.40346],[-0.34372,51.4039],[-0.34687,51.40585],[-0.3492,51.40662],[-0.35511,51.40981],[-0.35536,51.41075],[-0.35914,51.4119],[-0.36124,51.41204],[-0.36474,51.41159],[-0.37315,51.4086],[-0.37787,51.40791],[-0.38021,51.4079],[-0.38335,51.40854],[-0.38378,51.41012],[-0.38664,51.41041],[-0.38918,51.41032],[-0.38965,51.41069],[-0.39029,51.41434],[-0.38612,51.41428],[-0.38659,51.41502],[-0.38676,51.41765],[-0.38769,51.41933],[-0.38664,51.42008],[-0.39132,51.42232],[-0.39291,51.42328],[-0.39275,51.42344],[-0.39102,51.42315],[-0.38543,51.42063],[-0.38408,51.42269],[-0.38839,51.428],[-0.38806,51.42785],[-0.3871,51.42818],[-0.38793,51.42862],[-0.38773,51.42889],[-0.38315,51.43224],[-0.37609,51.43551],[-0.37787,51.43628],[-0.37776,51.43682],[-0.36682,51.44162],[-0.37301,51.44366],[-0.37388,51.44303],[-0.37593,51.44309],[-0.37713,51.44246],[-0.37821,51.44248],[-0.37955,51.4431],[-0.37975,51.44432],[-0.38291,51.4451],[-0.38622,51.44671],[-0.38626,51.44812],[-0.38782,51.44944],[-0.38449,51.44989],[-0.38375,51.44951],[-0.37526,51.45627],[-0.37302,51.45747],[-0.37269,51.457],[-0.37244,51.45724],[-0.36844,51.45686],[-0.36784,51.45742],[-0.36503,51.45781],[-0.36442,51.45759],[-0.36264,51.45768],[-0.35985,51.4582],[-0.3555,51.45838],[-0.35348,51.45817],[-0.35281,51.45686],[-0.34857,51.45676],[-0.34602,51.45726],[-0.34529,51.45786],[-0.34274,51.45807],[-0.34172,51.45902],[-0.34011,51.45924],[-0.34064,51.45727],[-0.33895,51.45588],[-0.33855,51.4561],[-0.33774,51.45548],[-0.33751,51.45477],[-0.33698,51.45465],[-0.33627,51.45568],[-0.33369,51.45549],[-0.33362,51.45524],[-0.33303,51.45538],[-0.3314,51.45736],[-0.33037,51.45793],[-0.32846,51.458],[-0.32693,51.45701],[-0.32559,51.45808],[-0.32652,51.45931],[-0.32625,51.45979],[-0.32674,51.46],[-0.32657,51.46038],[-0.32648,51.46053],[-0.32641,51.46067],[-0.32633,51.46081],[-0.32635,51.46084],[-0.32639,51.46088],[-0.32639,51.46089],[-0.32643,51.46092],[-0.32682,51.46132],[-0.32682,51.46132],[-0.32638,51.46206],[-0.32622,51.46231],[-0.32612,51.46243],[-0.3244,51.4645],[-0.32434,51.46457],[-0.32399,51.46498],[-0.32399,51.46498],[-0.32371,51.46511],[-0.32369,51.46512],[-0.32322,51.46532],[-0.32258,51.46534],[-0.32174,51.46536],[-0.31896,51.46266],[-0.314,51.45971],[-0.31397,51.45971],[-0.31142,51.45883],[-0.31157,51.45855],[-0.31126,51.45877],[-0.30891,51.45755],[-0.30753,51.45721],[-0.30804,51.45667],[-0.30726,51.457],[-0.30595,51.45616],[-0.30389,51.45329],[-0.30435,51.45162],[-0.30563,51.45044],[-0.30885,51.44868],[-0.31574,51.44691],[-0.3158,51.44666],[-0.3189,51.44643],[-0.3215,51.44686],[-0.32515,51.44653],[-0.32719,51.44564],[-0.33037,51.44296],[-0.33138,51.44156],[-0.33138,51.44156],[-0.33163,51.44126],[-0.33121,51.43974],[-0.33184,51.43917],[-0.33058,51.43847],[-0.32907,51.43666],[-0.32845,51.43391],[-0.32843,51.43388],[-0.32842,51.43387],[-0.32722,51.43243],[-0.32479,51.43085],[-0.32233,51.42989],[-0.31997,51.42939],[-0.31992,51.42938],[-0.31849,51.42909],[-0.31835,51.42947],[-0.31833,51.42952],[-0.31832,51.42954],[-0.31907,51.43001],[-0.32335,51.43087],[-0.32585,51.43232],[-0.32566,51.43257],[-0.32695,51.43339],[-0.3276,51.43438],[-0.32802,51.4367],[-0.32907,51.43805],[-0.32851,51.438],[-0.32915,51.43819],[-0.33008,51.43966],[-0.33008,51.44159],[-0.32914,51.44269],[-0.32779,51.44344],[-0.32171,51.44537],[-0.31706,51.44576],[-0.31299,51.44649],[-0.30956,51.44727],[-0.30576,51.4486],[-0.30282,51.45131],[-0.30261,51.45223],[-0.3028,51.4534],[-0.30504,51.45646],[-0.30799,51.45881],[-0.31384,51.46071],[-0.31385,51.46072],[-0.31388,51.46073],[-0.31693,51.46247],[-0.31977,51.46467],[-0.31921,51.46844],[-0.31858,51.47021],[-0.31772,51.471],[-0.3146,51.47179],[-0.31005,51.47347],[-0.31004,51.47348],[-0.3068,51.47493],[-0.30258,51.47925],[-0.29526,51.48483],[-0.29,51.48634],[-0.28729,51.4865],[-0.28443,51.4859],[-0.28039,51.48378],[-0.27794,51.48206],[-0.27399,51.47565],[-0.27351,51.47513],[-0.27244,51.47397],[-0.27049,51.4727],[-0.27048,51.47269],[-0.26783,51.47123],[-0.26403,51.47022],[-0.26033,51.47031],[-0.25855,51.47043],[-0.25568,51.47117],[-0.25338,51.47223],[-0.25148,51.47363],[-0.25147,51.47363],[-0.24966,51.47608],[-0.24922,51.47922],[-0.24938,51.48206],[-0.2484,51.48383],[-0.24108,51.48828],[-0.239,51.48886],[-0.23564,51.489],[-0.23315,51.48856],[-0.23131,51.48788],[-0.22802,51.48512],[-0.22684,51.48097],[-0.22662,51.47619],[-0.22487,51.47368]]]]}},{"type":"Feature","properties":{"name":"Southwark","lad24cd":"E09000028"},"geometry":{"type":"Polygon","coordinates":[[[-0.10468,51.50861],[-0.10468,51.50841],[-0.10415,51.50854],[-0.10415,51.50854],[-0.09611,51.50838],[-0.09208,51.50723],[-0.08815,51.50691],[-0.08815,51.50691],[-0.08808,51.50691],[-0.08613,51.50655],[-0.08469,51.50662],[-0.08114,51.50594],[-0.07612,51.50441],[-0.07612,51.50441],[-0.07272,51.5036],[-0.07178,51.50308],[-0.07087,51.50257],[-0.07349,51.50049],[-0.07078,51.50221],[-0.06736,51.50123],[-0.06719,51.50144],[-0.06379,51.50063],[-0.05725,51.50085],[-0.05124,51.50274],[-0.05072,51.5029],[-0.04878,51.50403],[-0.04917,51.50436],[-0.04876,51.50444],[-0.04867,51.50449],[-0.04855,51.50452],[-0.04828,51.5044],[-0.04804,51.5043],[-0.04771,51.50416],[-0.04801,51.50477],[-0.04698,51.50536],[-0.04605,51.50515],[-0.04654,51.50566],[-0.04573,51.50613],[-0.04532,51.50592],[-0.04437,51.50695],[-0.0413,51.50749],[-0.03726,51.50723],[-0.03731,51.50642],[-0.03679,51.50713],[-0.03419,51.5063],[-0.03306,51.50509],[-0.03302,51.50436],[-0.03232,51.50435],[-0.03233,51.50242],[-0.03235,51.50011],[-0.03273,51.50009],[-0.03249,51.49828],[-0.03294,51.49694],[-0.03255,51.49601],[-0.03396,51.49568],[-0.03385,51.49547],[-0.03253,51.49567],[-0.03266,51.4944],[-0.03325,51.49414],[-0.03264,51.49413],[-0.0324,51.49311],[-0.03239,51.49309],[-0.03736,51.49222],[-0.03906,51.49292],[-0.04003,51.49293],[-0.04049,51.4928],[-0.04003,51.49218],[-0.04102,51.49183],[-0.04028,51.49105],[-0.04248,51.49025],[-0.04245,51.49001],[-0.04441,51.49009],[-0.04475,51.4904],[-0.04579,51.49021],[-0.04653,51.49035],[-0.04654,51.49067],[-0.05124,51.48954],[-0.05194,51.48911],[-0.05007,51.48833],[-0.05047,51.48792],[-0.05235,51.4878],[-0.05259,51.48755],[-0.05397,51.48794],[-0.05285,51.48668],[-0.05293,51.486],[-0.05353,51.48568],[-0.05306,51.48504],[-0.05278,51.48273],[-0.0531,51.48093],[-0.05431,51.47862],[-0.05269,51.47801],[-0.05274,51.47297],[-0.05166,51.46972],[-0.05227,51.46923],[-0.05085,51.46758],[-0.0513,51.46737],[-0.05054,51.46679],[-0.05081,51.46665],[-0.04818,51.46589],[-0.04852,51.46563],[-0.04655,51.46459],[-0.04569,51.46352],[-0.0451,51.46043],[-0.04613,51.45695],[-0.04457,51.45658],[-0.04164,51.455],[-0.04609,51.44986],[-0.049,51.45011],[-0.05386,51.44869],[-0.05756,51.45034],[-0.0618,51.44779],[-0.06344,51.44526],[-0.06406,51.44201],[-0.06503,51.44116],[-0.06405,51.44084],[-0.0634,51.43757],[-0.06439,51.43705],[-0.06585,51.43463],[-0.06681,51.43388],[-0.06942,51.43274],[-0.07271,51.43231],[-0.07486,51.42984],[-0.07508,51.42898],[-0.07391,51.42621],[-0.07504,51.42563],[-0.07829,51.4206],[-0.07922,51.42087],[-0.07891,51.42157],[-0.07984,51.42214],[-0.08088,51.42186],[-0.08173,51.42338],[-0.08346,51.423],[-0.0837,51.42509],[-0.08517,51.42728],[-0.08608,51.42782],[-0.08588,51.42847],[-0.08781,51.42906],[-0.08834,51.42952],[-0.09102,51.43755],[-0.09448,51.44333],[-0.09513,51.44553],[-0.09616,51.44684],[-0.09913,51.44897],[-0.09996,51.45027],[-0.10076,51.45034],[-0.10138,51.45192],[-0.10099,51.45403],[-0.09581,51.45742],[-0.09495,51.45879],[-0.09222,51.46108],[-0.09066,51.46332],[-0.09004,51.46607],[-0.09272,51.46979],[-0.09302,51.47212],[-0.09414,51.47067],[-0.09598,51.46987],[-0.09899,51.47201],[-0.1006,51.47431],[-0.09997,51.47686],[-0.10822,51.48031],[-0.10403,51.4809],[-0.10602,51.4827],[-0.10561,51.48294],[-0.10719,51.48365],[-0.10636,51.4849],[-0.10846,51.48585],[-0.10389,51.49034],[-0.10315,51.49149],[-0.10392,51.49195],[-0.10485,51.49353],[-0.11093,51.49547],[-0.11147,51.49646],[-0.11026,51.49676],[-0.10824,51.50047],[-0.10592,51.50203],[-0.10608,51.50252],[-0.10676,51.50221],[-0.10739,51.50304],[-0.1064,51.50337],[-0.10644,51.50492],[-0.10734,51.50707],[-0.10817,51.50692],[-0.10871,51.50777],[-0.10886,51.50843],[-0.10886,51.50843],[-0.10472,51.50856],[-0.10468,51.50862],[-0.10468,51.50861]]]}},{"type":"Feature","properties":{"name":"Sutton","lad24cd":"E09000029"},"geometry":{"type":"Polygon","coordinates":[[[-0.13432,51.39085],[-0.13261,51.39012],[-0.13323,51.38955],[-0.12957,51.38723],[-0.13063,51.38627],[-0.12876,51.38564],[-0.12951,51.3853],[-0.12865,51.38249],[-0.13026,51.38221],[-0.12805,51.38048],[-0.12697,51.3774],[-0.12584,51.3756],[-0.12683,51.37547],[-0.12667,51.37492],[-0.12784,51.37474],[-0.12476,51.37369],[-0.12475,51.37294],[-0.12333,51.3712],[-0.12208,51.36622],[-0.12208,51.36575],[-0.12412,51.36535],[-0.12234,51.36452],[-0.1213,51.36473],[-0.1209,51.36331],[-0.12155,51.36213],[-0.12137,51.36104],[-0.12201,51.36096],[-0.12182,51.35998],[-0.12288,51.35992],[-0.12189,51.35907],[-0.12332,51.3589],[-0.12347,51.35915],[-0.12459,51.35887],[-0.12455,51.35836],[-0.12419,51.35741],[-0.12137,51.35774],[-0.12015,51.35303],[-0.11909,51.35314],[-0.11684,51.34576],[-0.11831,51.34562],[-0.11868,51.34585],[-0.1189,51.34558],[-0.12588,51.34523],[-0.12685,51.34486],[-0.12728,51.34709],[-0.12751,51.34745],[-0.12835,51.34745],[-0.12885,51.34727],[-0.12896,51.34658],[-0.13142,51.34602],[-0.13109,51.34547],[-0.13286,51.34543],[-0.13248,51.34427],[-0.13625,51.34441],[-0.13634,51.34479],[-0.13687,51.34472],[-0.14153,51.34341],[-0.14458,51.34209],[-0.14346,51.34054],[-0.14434,51.3402],[-0.14446,51.33951],[-0.14748,51.3388],[-0.14559,51.33245],[-0.14407,51.33069],[-0.14919,51.32885],[-0.14441,51.32646],[-0.14423,51.32593],[-0.14558,51.32349],[-0.14793,51.32268],[-0.149,51.3228],[-0.15068,51.32217],[-0.15207,51.32227],[-0.15272,51.323],[-0.15652,51.32149],[-0.15863,51.32398],[-0.1606,51.32324],[-0.16419,51.32604],[-0.16357,51.32621],[-0.16436,51.32813],[-0.16398,51.32819],[-0.16397,51.32858],[-0.16229,51.32889],[-0.16308,51.33026],[-0.17007,51.32947],[-0.16989,51.33025],[-0.17286,51.33001],[-0.17414,51.33321],[-0.17467,51.33317],[-0.17502,51.33381],[-0.182,51.33785],[-0.18736,51.34078],[-0.19323,51.34263],[-0.19605,51.34333],[-0.19627,51.34304],[-0.19669,51.34316],[-0.19654,51.34345],[-0.19732,51.3436],[-0.19856,51.3423],[-0.19956,51.34188],[-0.2012,51.33988],[-0.2023,51.34009],[-0.21305,51.33555],[-0.21197,51.33333],[-0.21423,51.33025],[-0.21609,51.3298],[-0.22084,51.3298],[-0.22982,51.33652],[-0.22683,51.33789],[-0.22409,51.34004],[-0.22326,51.33988],[-0.22228,51.34046],[-0.2227,51.34083],[-0.22179,51.34135],[-0.21726,51.34339],[-0.21778,51.34563],[-0.22019,51.35008],[-0.22042,51.35142],[-0.22126,51.35117],[-0.22209,51.35132],[-0.22197,51.35353],[-0.22274,51.35709],[-0.22406,51.35927],[-0.22687,51.36259],[-0.23319,51.36601],[-0.23382,51.36532],[-0.23678,51.3668],[-0.23782,51.36701],[-0.23892,51.36683],[-0.24089,51.36704],[-0.24115,51.36626],[-0.24538,51.36689],[-0.24454,51.37047],[-0.24518,51.37719],[-0.24503,51.38006],[-0.24428,51.38307],[-0.24323,51.3826],[-0.24164,51.38449],[-0.23873,51.38609],[-0.23969,51.38927],[-0.2346,51.39057],[-0.23371,51.38761],[-0.22772,51.38397],[-0.22088,51.38106],[-0.21808,51.38018],[-0.21374,51.38404],[-0.21294,51.38485],[-0.21336,51.38505],[-0.20978,51.3883],[-0.20507,51.38614],[-0.20341,51.38725],[-0.2003,51.38494],[-0.19384,51.38791],[-0.19348,51.38765],[-0.19314,51.38783],[-0.19185,51.38691],[-0.19161,51.38712],[-0.1911,51.38688],[-0.19029,51.38637],[-0.19049,51.3862],[-0.1884,51.38543],[-0.18451,51.38751],[-0.18274,51.38804],[-0.17984,51.38948],[-0.17481,51.39341],[-0.17292,51.39268],[-0.17119,51.39246],[-0.16747,51.39],[-0.16639,51.38966],[-0.16521,51.38797],[-0.16183,51.38814],[-0.16096,51.38782],[-0.15987,51.38851],[-0.15827,51.38882],[-0.15803,51.38925],[-0.14436,51.39067],[-0.14323,51.39042],[-0.14185,51.3893],[-0.13484,51.39096],[-0.13432,51.39085]]]}},{"type":"Feature","properties":{"name":"Tower Hamlets","lad24cd":"E09000030"},"geometry":{"type":"Polygon","coordinates":[[[-0.01655,51.54333],[-0.01609,51.54248],[-0.01657,51.54143],[-0.0177,51.54096],[-0.01786,51.54017],[-0.01889,51.53934],[-0.01945,51.53825],[-0.02105,51.53735],[-0.02113,51.53651],[-0.01934,51.53519],[-0.01895,51.53414],[-0.01802,51.53337],[-0.01822,51.53247],[-0.01738,51.53146],[-0.01386,51.5299],[-0.01076,51.52933],[-0.01027,51.52848],[-0.00864,51.52756],[-0.00756,51.52628],[-0.00813,51.52364],[-0.00788,51.523],[-0.00864,51.52183],[-0.00935,51.52182],[-0.00917,51.5199],[-0.00672,51.5183],[-0.00597,51.51642],[-0.00513,51.51624],[-0.00437,51.51641],[-0.00345,51.51761],[-0.00259,51.51779],[0.00267,51.51552],[0.00359,51.51455],[0.00356,51.51449],[0.00178,51.51095],[0.00176,51.51091],[0.00281,51.51039],[0.00433,51.5106],[0.00554,51.51352],[0.00594,51.51393],[0.00669,51.51392],[0.00739,51.51273],[0.00558,51.51003],[0.00635,51.50937],[0.00896,51.50884],[0.00879,51.50737],[0.0058,51.50827],[0.00368,51.50838],[0.00347,51.50802],[0.00299,51.50824],[-0.00173,51.50748],[-0.00343,51.50662],[-0.00539,51.50503],[-0.00577,51.50514],[-0.00559,51.5048],[-0.00722,51.50312],[-0.00751,51.502],[-0.00763,51.50151],[-0.00866,51.50135],[-0.00774,51.5008],[-0.00728,51.49831],[-0.00696,51.49834],[-0.00561,51.49584],[-0.00621,51.49561],[-0.00542,51.49464],[-0.00476,51.49454],[-0.0033,51.49227],[-0.00306,51.49088],[-0.00309,51.49078],[-0.00369,51.48898],[-0.00444,51.48828],[-0.00513,51.48861],[-0.00462,51.48814],[-0.00667,51.48708],[-0.0115,51.48614],[-0.01638,51.48614],[-0.02098,51.48733],[-0.02382,51.48895],[-0.0257,51.4907],[-0.02733,51.49351],[-0.02724,51.49381],[-0.02662,51.49394],[-0.02623,51.49401],[-0.02763,51.49425],[-0.02787,51.49468],[-0.02741,51.50181],[-0.02719,51.50233],[-0.02675,51.50334],[-0.02846,51.50567],[-0.02863,51.50499],[-0.02893,51.50539],[-0.02858,51.50528],[-0.02852,51.50566],[-0.02845,51.50572],[-0.0301,51.50742],[-0.03041,51.50724],[-0.03048,51.50728],[-0.03048,51.50728],[-0.03152,51.50784],[-0.02986,51.50891],[-0.0316,51.50821],[-0.0326,51.50824],[-0.03316,51.50868],[-0.03559,51.50907],[-0.03592,51.50938],[-0.03733,51.50936],[-0.03692,51.50998],[-0.0378,51.5095],[-0.04188,51.50978],[-0.04211,51.5098],[-0.04606,51.50936],[-0.04913,51.50801],[-0.04969,51.50808],[-0.0494,51.50785],[-0.05042,51.50759],[-0.05616,51.50388],[-0.05947,51.50287],[-0.05963,51.50283],[-0.06084,51.50281],[-0.06103,51.5029],[-0.06163,51.50318],[-0.06258,51.5031],[-0.06518,51.50373],[-0.06535,51.50349],[-0.06522,51.50374],[-0.06808,51.50448],[-0.06807,51.50488],[-0.06867,51.50454],[-0.07057,51.50536],[-0.07119,51.50517],[-0.07127,51.50578],[-0.07377,51.5062],[-0.07476,51.50671],[-0.07939,51.5078],[-0.07946,51.50782],[-0.07947,51.50783],[-0.0787,51.50883],[-0.07907,51.50906],[-0.07881,51.50946],[-0.07786,51.51009],[-0.07621,51.51056],[-0.07552,51.50974],[-0.07299,51.5101],[-0.07274,51.51041],[-0.0736,51.51409],[-0.0769,51.51665],[-0.07817,51.51847],[-0.0781,51.51898],[-0.07941,51.51889],[-0.07853,51.52151],[-0.07825,51.5219],[-0.0762,51.52218],[-0.07574,51.52368],[-0.07593,51.52434],[-0.07646,51.52432],[-0.07664,51.52635],[-0.0763,51.52714],[-0.07727,51.52731],[-0.07568,51.52839],[-0.07458,51.52985],[-0.07203,51.53088],[-0.06625,51.53122],[-0.06516,51.53316],[-0.06501,51.5329],[-0.06219,51.53326],[-0.06286,51.53492],[-0.06243,51.53553],[-0.0603,51.53427],[-0.05897,51.53409],[-0.05503,51.53511],[-0.05286,51.53494],[-0.05238,51.53593],[-0.05091,51.53646],[-0.0497,51.53635],[-0.04716,51.53545],[-0.04482,51.53582],[-0.04137,51.53753],[-0.03714,51.54142],[-0.03773,51.5418],[-0.03323,51.54468],[-0.02955,51.54309],[-0.02899,51.54227],[-0.02558,51.54334],[-0.01985,51.54358],[-0.01655,51.54333]]]}},{"type":"Feature","properties":{"name":"Waltham Forest","lad24cd":"E09000031"},"geometry":{"type":"Polygon","coordinates":[[[0.02182,51.62883],[0.02137,51.62902],[0.02092,51.62879],[0.02113,51.62835],[0.02066,51.62827],[0.02058,51.62734],[0.01994,51.62702],[0.02008,51.62623],[0.01912,51.62505],[0.01878,51.62409],[0.01907,51.62367],[0.01849,51.62351],[0.01885,51.62326],[0.01847,51.62279],[0.01771,51.62234],[0.01706,51.62236],[0.01705,51.62199],[0.01623,51.62177],[0.01591,51.62095],[0.01427,51.62028],[0.01473,51.61976],[0.01454,51.61889],[0.00869,51.61907],[0.0163,51.61684],[0.02144,51.6118],[0.02112,51.61052],[0.02071,51.61045],[0.01928,51.60825],[0.01958,51.60761],[0.01915,51.60779],[0.01819,51.60599],[0.01301,51.59921],[0.0121,51.59269],[0.01341,51.58378],[0.01416,51.58338],[0.01554,51.58335],[0.01533,51.58247],[0.0157,51.58184],[0.01535,51.58164],[0.01751,51.57739],[0.01738,51.57437],[0.01638,51.57292],[0.01805,51.57204],[0.01892,51.57232],[0.01913,51.56982],[0.01828,51.57014],[0.01768,51.57001],[0.019,51.56698],[0.01868,51.56613],[0.01758,51.56566],[0.01446,51.56562],[0.01438,51.56079],[0.01482,51.55943],[0.01714,51.55884],[0.02047,51.55613],[0.02152,51.55489],[0.01699,51.55315],[0.01676,51.55338],[0.01628,51.55319],[0.01464,51.55496],[0.01163,51.55391],[0.01114,51.55439],[0.00964,51.55341],[0.01083,51.55224],[0.00957,51.55125],[0.00579,51.55066],[0.00575,51.55186],[0.00388,51.5518],[0.00332,51.5521],[-0.0008,51.55165],[-0.00358,51.55091],[-0.00379,51.55116],[-0.0086,51.54991],[-0.00944,51.5522],[-0.01058,51.55266],[-0.01692,51.5514],[-0.01717,51.55158],[-0.01748,51.55334],[-0.01846,51.55518],[-0.02301,51.55727],[-0.02394,51.55737],[-0.0249,51.55922],[-0.02839,51.56102],[-0.03015,51.56135],[-0.03317,51.56062],[-0.0364,51.56149],[-0.03885,51.56116],[-0.04023,51.56179],[-0.04236,51.56137],[-0.04502,51.56174],[-0.04708,51.56259],[-0.04729,51.56311],[-0.04661,51.56424],[-0.04741,51.56521],[-0.05099,51.56765],[-0.05329,51.56866],[-0.05436,51.57029],[-0.05632,51.57071],[-0.05843,51.57256],[-0.06116,51.57779],[-0.06218,51.57919],[-0.06194,51.58003],[-0.061,51.58085],[-0.05783,51.58251],[-0.05574,51.58426],[-0.05484,51.58578],[-0.05218,51.5876],[-0.05348,51.58974],[-0.05342,51.59085],[-0.0521,51.59414],[-0.0512,51.59494],[-0.05046,51.59659],[-0.04603,51.60012],[-0.04352,51.60271],[-0.04139,51.60565],[-0.03541,51.60817],[-0.03407,51.60926],[-0.03401,51.61013],[-0.03553,51.61209],[-0.03516,51.61341],[-0.0321,51.61686],[-0.0255,51.62211],[-0.02426,51.62437],[-0.01523,51.63555],[-0.01333,51.63961],[-0.01226,51.64623],[-0.00921,51.64653],[-0.00734,51.64616],[-0.00845,51.6445],[-0.00819,51.64361],[-0.00666,51.64333],[-0.00456,51.64354],[-0.00398,51.64272],[-0.00049,51.64371],[0.00107,51.64176],[0.0099,51.64145],[0.01742,51.64026],[0.02008,51.64045],[0.02272,51.64112],[0.02308,51.63772],[0.02516,51.63729],[0.02473,51.63596],[0.02574,51.63457],[0.02433,51.63239],[0.02389,51.6308],[0.02182,51.62883]]]}},{"type":"Feature","properties":{"name":"Wandsworth","lad24cd":"E09000032"},"geometry":{"type":"Polygon","coordinates":[[[-0.14036,51.41926],[-0.14445,51.41775],[-0.14942,51.41989],[-0.15034,51.42008],[-0.15139,51.41987],[-0.15988,51.42261],[-0.15992,51.42197],[-0.16033,51.42191],[-0.1616,51.41986],[-0.16471,51.42007],[-0.16483,51.42036],[-0.16926,51.42124],[-0.17357,51.42318],[-0.17762,51.42416],[-0.18194,51.42473],[-0.18418,51.42658],[-0.18456,51.4282],[-0.18415,51.43121],[-0.18573,51.43317],[-0.18727,51.43299],[-0.1874,51.4321],[-0.1884,51.43209],[-0.18977,51.43135],[-0.19104,51.43303],[-0.19116,51.43355],[-0.19025,51.4348],[-0.18924,51.43827],[-0.18922,51.43854],[-0.19064,51.43892],[-0.18974,51.44006],[-0.19003,51.44146],[-0.20424,51.43897],[-0.21253,51.43783],[-0.2157,51.43774],[-0.21659,51.43837],[-0.21782,51.43869],[-0.22063,51.43846],[-0.22431,51.43887],[-0.2244,51.43861],[-0.22566,51.43873],[-0.23124,51.43816],[-0.24142,51.43502],[-0.25109,51.43256],[-0.25128,51.43423],[-0.25309,51.43528],[-0.25407,51.43729],[-0.24272,51.44191],[-0.2416,51.44312],[-0.24729,51.4492],[-0.25911,51.45495],[-0.25847,51.45704],[-0.2568,51.45982],[-0.25798,51.46034],[-0.25619,51.46283],[-0.25295,51.46522],[-0.24336,51.46522],[-0.23329,51.46397],[-0.23364,51.46595],[-0.23287,51.46663],[-0.23348,51.468],[-0.23273,51.47251],[-0.23097,51.4728],[-0.22695,51.4714],[-0.22376,51.47074],[-0.22334,51.47093],[-0.22338,51.47151],[-0.22337,51.47152],[-0.22289,51.47172],[-0.22249,51.47151],[-0.21804,51.46819],[-0.21276,51.46555],[-0.20727,51.4639],[-0.20367,51.4632],[-0.1991,51.46271],[-0.1955,51.46289],[-0.19507,51.46257],[-0.19506,51.46256],[-0.19505,51.46235],[-0.19505,51.46227],[-0.19505,51.46062],[-0.19506,51.46061],[-0.19514,51.46002],[-0.1933,51.4598],[-0.19475,51.46018],[-0.19478,51.46063],[-0.19486,51.46176],[-0.19436,51.46138],[-0.19388,51.46149],[-0.19492,51.46261],[-0.19479,51.46291],[-0.19036,51.46341],[-0.18717,51.46422],[-0.18712,51.46423],[-0.1836,51.46546],[-0.18096,51.46758],[-0.17914,51.47001],[-0.17847,51.47018],[-0.17857,51.47065],[-0.1779,51.47063],[-0.17851,51.47077],[-0.17685,51.47488],[-0.17566,51.47618],[-0.17599,51.47644],[-0.17526,51.47775],[-0.17395,51.47908],[-0.1717,51.48023],[-0.17163,51.48026],[-0.1663,51.48132],[-0.16624,51.48133],[-0.14893,51.48361],[-0.14739,51.48358],[-0.14625,51.48356],[-0.14004,51.48274],[-0.13742,51.48273],[-0.13691,51.48244],[-0.13672,51.48279],[-0.13206,51.48374],[-0.12851,51.48504],[-0.12815,51.48473],[-0.12631,51.48447],[-0.12706,51.48358],[-0.12748,51.48201],[-0.12994,51.48117],[-0.13408,51.47531],[-0.13494,51.47471],[-0.13521,51.47429],[-0.13445,51.47396],[-0.13459,51.47341],[-0.13579,51.47271],[-0.1369,51.47309],[-0.13833,51.47196],[-0.13949,51.47179],[-0.13931,51.47153],[-0.13998,51.47126],[-0.14042,51.47153],[-0.1427,51.47008],[-0.14312,51.47051],[-0.15054,51.46763],[-0.15055,51.46595],[-0.15121,51.46586],[-0.15073,51.46294],[-0.14971,51.46135],[-0.14938,51.45936],[-0.14829,51.45725],[-0.14735,51.45296],[-0.1477,51.45234],[-0.14229,51.45098],[-0.14312,51.44971],[-0.14481,51.44844],[-0.14566,51.44585],[-0.14361,51.44184],[-0.13798,51.44169],[-0.13589,51.44198],[-0.13698,51.44025],[-0.13746,51.4402],[-0.13766,51.43859],[-0.13996,51.43685],[-0.13963,51.43535],[-0.13852,51.43431],[-0.13788,51.43378],[-0.13646,51.43388],[-0.13525,51.43034],[-0.13838,51.43056],[-0.13887,51.42434],[-0.13779,51.42111],[-0.14036,51.41926]]]}},{"type":"Feature","properties":{"name":"Westminster","lad24cd":"E09000033"},"geometry":{"type":"Polygon","coordinates":[[[-0.11157,51.51534],[-0.11106,51.51383],[-0.11194,51.51369],[-0.1117,51.51319],[-0.11251,51.51273],[-0.11156,51.5118],[-0.1115,51.51083],[-0.11156,51.51083],[-0.11689,51.5101],[-0.11954,51.50906],[-0.12113,51.50775],[-0.12239,51.50606],[-0.12306,51.50423],[-0.12311,51.50391],[-0.12471,51.49471],[-0.12473,51.49461],[-0.12473,51.49461],[-0.1254,51.49164],[-0.12838,51.48823],[-0.12839,51.48821],[-0.12841,51.48819],[-0.1325,51.48573],[-0.1381,51.48481],[-0.14004,51.48482],[-0.14645,51.48568],[-0.14735,51.48563],[-0.149,51.48554],[-0.14907,51.48621],[-0.14969,51.48611],[-0.14922,51.48552],[-0.14998,51.48547],[-0.15002,51.48546],[-0.15016,51.48604],[-0.15583,51.48961],[-0.15517,51.49004],[-0.1558,51.49146],[-0.15474,51.49197],[-0.15596,51.4932],[-0.15497,51.49383],[-0.15598,51.49446],[-0.15525,51.49505],[-0.15606,51.49778],[-0.15787,51.499],[-0.15846,51.50223],[-0.1609,51.50168],[-0.16265,51.50023],[-0.16542,51.49869],[-0.16572,51.49922],[-0.16758,51.49828],[-0.16815,51.49903],[-0.17342,51.49823],[-0.17952,51.49777],[-0.1803,51.50146],[-0.1842,51.50178],[-0.18786,51.51019],[-0.19212,51.50988],[-0.19292,51.51184],[-0.194,51.5117],[-0.19505,51.51504],[-0.19917,51.51454],[-0.19997,51.51696],[-0.20077,51.51798],[-0.20145,51.5178],[-0.20374,51.52062],[-0.20265,51.52089],[-0.20062,51.52071],[-0.20163,51.52274],[-0.20397,51.52355],[-0.20642,51.52604],[-0.21296,51.52688],[-0.21554,51.52672],[-0.21602,51.52792],[-0.21586,51.52975],[-0.21511,51.53017],[-0.21528,51.53135],[-0.21119,51.53193],[-0.20794,51.53278],[-0.20514,51.53296],[-0.20299,51.53289],[-0.20168,51.53256],[-0.20108,51.53191],[-0.19853,51.53071],[-0.19782,51.52995],[-0.1978,51.5279],[-0.19697,51.52796],[-0.19648,51.52764],[-0.19238,51.53289],[-0.19302,51.53395],[-0.19147,51.53629],[-0.18872,51.53453],[-0.18782,51.53496],[-0.18416,51.53823],[-0.18079,51.53938],[-0.17851,51.53981],[-0.17391,51.53947],[-0.17413,51.53826],[-0.17348,51.53765],[-0.17193,51.5384],[-0.17088,51.53778],[-0.16945,51.53859],[-0.1649,51.53578],[-0.1604,51.5373],[-0.15935,51.53634],[-0.15268,51.53751],[-0.14712,51.52503],[-0.14576,51.52527],[-0.1452,51.52398],[-0.14409,51.524],[-0.1441,51.52462],[-0.14345,51.52461],[-0.14356,51.52391],[-0.14284,51.52387],[-0.13696,51.51889],[-0.13628,51.51916],[-0.1358,51.51869],[-0.13521,51.51893],[-0.13401,51.51755],[-0.13353,51.5177],[-0.13241,51.51712],[-0.13252,51.51667],[-0.13078,51.51708],[-0.12934,51.51347],[-0.1273,51.51268],[-0.12285,51.51514],[-0.12207,51.51462],[-0.1218,51.51487],[-0.11945,51.5145],[-0.11469,51.51603],[-0.11383,51.51482],[-0.11157,51.51534]]]}}]}
